オーダー番号,ステータス,オーダー日,アイテム名,種類,個数,合計,氏(配送先),名(配送先),領収書宛名,備考
4360205615,未発送,1/11/2024 15:46,MONO消しゴム,中サイズ,2,160,木内,貴士,,3F 1
4360205616,未発送,1/11/2024 15:46,MONO消しゴム,中サイズ,2,160,木内,貴士,,3F 2
4360205617,未発送,1/11/2024 15:46,MONO消しゴム,中サイズ,2,160,木内,貴士,,3F 3
4360205618,未発送,1/11/2024 15:46,MONO消しゴム,中サイズ,2,160,木内,貴士,,3F 4
4360205619,未発送,1/11/2024 15:46,MONO消しゴム,中サイズ,2,160,木内,貴士,,3F 5
4360205620,未発送,1/11/2024 15:46,MONO消しゴム,中サイズ,2,160,木内,貴士,,3F 6
4360205621,未発送,1/11/2024 15:46,MONO消しゴム,中サイズ,2,160,木内,貴士,,3F 7
4360205622,未発送,1/11/2024 15:46,MONO消しゴム,中サイズ,2,160,木内,貴士,,3F 8
4360205623,未発送,1/11/2024 15:46,MONO消しゴム,中サイズ,2,160,木内,貴士,,3F 9
4360205624,未発送,1/11/2024 15:46,MONO消しゴム,中サイズ,2,160,木内,貴士,,3F 10
4360205625,未発送,1/11/2024 15:46,MONO消しゴム,中サイズ,2,160,木内,貴士,,3F 11
4360205626,未発送,1/11/2024 15:46,MONO消しゴム,中サイズ,2,160,木内,貴士,,3F 12
4360205627,未発送,1/11/2024 15:46,MONO消しゴム,中サイズ,2,160,木内,貴士,,3F 13
4360205628,未発送,1/11/2024 15:46,MONO消しゴム,中サイズ,2,160,木内,貴士,,3F 14
4360205629,未発送,1/11/2024 15:46,MONO消しゴム,中サイズ,2,160,木内,貴士,,3F 15
4360205630,未発送,1/11/2024 15:46,MONO消しゴム,中サイズ,2,160,木内,貴士,,3F 16
4360205631,未発送,1/11/2024 15:46,MONO消しゴム,中サイズ,2,160,木内,貴士,,3F 17
4360205632,未発送,1/11/2024 15:46,MONO消しゴム,中サイズ,2,160,木内,貴士,,3F 18
4360205633,未発送,1/11/2024 15:46,MONO消しゴム,中サイズ,2,160,木内,貴士,,3F 19
4360205634,未発送,1/11/2024 15:46,MONO消しゴム,中サイズ,2,160,木内,貴士,,3F 20
4360205635,未発送,1/11/2024 15:46,MONO消しゴム,中サイズ,2,160,木内,貴士,,3F 21
4360205636,未発送,1/11/2024 15:46,MONO消しゴム,中サイズ,2,160,木内,貴士,,3F 22
4360205637,未発送,1/11/2024 15:46,MONO消しゴム,中サイズ,2,160,木内,貴士,,3F 23
4360205638,未発送,1/11/2024 15:46,MONO消しゴム,中サイズ,2,160,木内,貴士,,3F 24
4360205639,未発送,1/11/2024 15:46,MONO消しゴム,中サイズ,2,160,木内,貴士,,3F 25
4360205640,未発送,1/11/2024 15:46,MONO消しゴム,中サイズ,2,160,木内,貴士,,3F 26
4360205641,未発送,1/11/2024 15:46,MONO消しゴム,中サイズ,2,160,木内,貴士,,3F 27
4360205642,未発送,1/11/2024 15:46,MONO消しゴム,中サイズ,2,160,木内,貴士,,3F 28
4360205643,未発送,1/11/2024 15:46,MONO消しゴム,中サイズ,2,160,木内,貴士,,3F 29
4360205644,未発送,1/11/2024 15:46,MONO消しゴム,中サイズ,2,160,木内,貴士,,3F 30
4360205645,未発送,1/11/2024 15:46,MONO消しゴム,中サイズ,2,160,木内,貴士,,3F 31
4360205646,未発送,1/11/2024 15:46,MONO消しゴム,中サイズ,2,160,木内,貴士,,3F 32
4360205647,未発送,1/11/2024 15:46,MONO消しゴム,中サイズ,2,160,木内,貴士,,3F 33
4360205648,未発送,1/11/2024 15:46,MONO消しゴム,中サイズ,2,160,木内,貴士,,3F 34
4360205649,未発送,1/11/2024 15:46,MONO消しゴム,中サイズ,2,160,木内,貴士,,3F 35
4360205650,未発送,1/11/2024 15:46,MONO消しゴム,中サイズ,2,160,木内,貴士,,3F 36
4360205651,未発送,1/11/2024 15:46,MONO消しゴム,中サイズ,2,160,木内,貴士,,3F 37
4360205652,未発送,1/11/2024 15:46,MONO消しゴム,中サイズ,2,160,木内,貴士,,3F 38
4360205653,未発送,1/11/2024 15:46,MONO消しゴム,中サイズ,2,160,木内,貴士,,3F 39
4360205654,未発送,1/11/2024 15:46,MONO消しゴム,中サイズ,2,160,木内,貴士,,3F 40
4360205655,未発送,1/11/2024 15:46,MONO消しゴム,中サイズ,2,160,木内,貴士,,3F 41
4360205656,未発送,1/11/2024 15:46,MONO消しゴム,中サイズ,2,160,木内,貴士,,3F 42
4360205657,未発送,1/11/2024 15:46,MONO消しゴム,中サイズ,2,160,木内,貴士,,3F 43
4360205658,未発送,1/11/2024 15:46,MONO消しゴム,中サイズ,2,160,木内,貴士,,3F 44
4360205659,未発送,1/11/2024 15:46,MONO消しゴム,中サイズ,2,160,木内,貴士,,3F 45
4360205660,未発送,1/11/2024 15:46,MONO消しゴム,中サイズ,2,160,木内,貴士,,3F 46
4360205661,未発送,1/11/2024 15:46,MONO消しゴム,中サイズ,2,160,木内,貴士,,3F 47
4360205662,未発送,1/11/2024 15:46,MONO消しゴム,中サイズ,2,160,木内,貴士,,3F 48
4360205663,未発送,1/11/2024 15:46,MONO消しゴム,中サイズ,2,160,木内,貴士,,3F 49
4360205664,未発送,1/11/2024 15:46,MONO消しゴム,中サイズ,2,160,木内,貴士,,3F 50
4360205665,未発送,1/11/2024 15:46,MONO消しゴム,中サイズ,2,160,木内,貴士,,3F 51
4360205666,未発送,1/11/2024 15:46,MONO消しゴム,中サイズ,2,160,木内,貴士,,3F 52
4360205667,未発送,1/11/2024 15:46,MONO消しゴム,中サイズ,2,160,木内,貴士,,3F 53
4360205668,未発送,1/11/2024 15:46,MONO消しゴム,中サイズ,2,160,木内,貴士,,3F 54
4360205669,未発送,1/11/2024 15:46,MONO消しゴム,中サイズ,2,160,木内,貴士,,3F 55
4360205670,未発送,1/11/2024 15:46,MONO消しゴム,中サイズ,2,160,木内,貴士,,3F 56
4360205671,未発送,1/11/2024 15:46,MONO消しゴム,中サイズ,2,160,木内,貴士,,3F 57
4360205672,未発送,1/11/2024 15:46,MONO消しゴム,中サイズ,2,160,木内,貴士,,3F 58
4360205673,未発送,1/11/2024 15:46,MONO消しゴム,中サイズ,2,160,木内,貴士,,3F 59
4360205674,未発送,1/11/2024 15:46,MONO消しゴム,中サイズ,2,160,木内,貴士,,3F 60
4360205675,未発送,1/11/2024 15:46,MONO消しゴム,中サイズ,2,160,木内,貴士,,3F 61
4360205676,未発送,1/11/2024 15:46,MONO消しゴム,中サイズ,2,160,木内,貴士,,3F 62
4360205677,未発送,1/11/2024 15:46,MONO消しゴム,中サイズ,2,160,木内,貴士,,3F 63
4360205678,未発送,1/11/2024 15:46,MONO消しゴム,中サイズ,2,160,木内,貴士,,3F 64
4360205679,未発送,1/11/2024 15:46,MONO消しゴム,中サイズ,2,160,木内,貴士,,3F 65
4360205680,未発送,1/11/2024 15:46,MONO消しゴム,中サイズ,2,160,木内,貴士,,3F 66
4360205681,未発送,1/11/2024 15:46,MONO消しゴム,中サイズ,2,160,木内,貴士,,3F 67
4360205682,未発送,1/11/2024 15:46,MONO消しゴム,中サイズ,2,160,木内,貴士,,3F 68
4360205683,未発送,1/11/2024 15:46,MONO消しゴム,中サイズ,2,160,木内,貴士,,3F 69
4360205684,未発送,1/11/2024 15:46,MONO消しゴム,中サイズ,2,160,木内,貴士,,3F 70
4360205685,未発送,1/11/2024 15:46,MONO消しゴム,中サイズ,2,160,木内,貴士,,3F 71
4360205686,未発送,1/11/2024 15:46,MONO消しゴム,中サイズ,2,160,木内,貴士,,3F 72
4360205687,未発送,1/11/2024 15:46,MONO消しゴム,中サイズ,2,160,木内,貴士,,3F 73
4360205688,未発送,1/11/2024 15:46,MONO消しゴム,中サイズ,2,160,木内,貴士,,3F 74
4360205689,未発送,1/11/2024 15:46,MONO消しゴム,中サイズ,2,160,木内,貴士,,3F 75
4360205690,未発送,1/11/2024 15:46,MONO消しゴム,中サイズ,2,160,木内,貴士,,3F 76
4360205691,未発送,1/11/2024 15:46,MONO消しゴム,中サイズ,2,160,木内,貴士,,3F 77
4360205692,未発送,1/11/2024 15:46,MONO消しゴム,中サイズ,2,160,木内,貴士,,3F 78
4360205693,未発送,1/11/2024 15:46,MONO消しゴム,中サイズ,2,160,木内,貴士,,3F 79
4360205694,未発送,1/11/2024 15:46,MONO消しゴム,中サイズ,2,160,木内,貴士,,3F 80
4360205695,未発送,1/11/2024 15:46,MONO消しゴム,中サイズ,2,160,木内,貴士,,3F 81
4360205696,未発送,1/11/2024 15:46,MONO消しゴム,中サイズ,2,160,木内,貴士,,3F 82
4360205697,未発送,1/11/2024 15:46,MONO消しゴム,中サイズ,2,160,木内,貴士,,3F 83
4360205698,未発送,1/11/2024 15:46,MONO消しゴム,中サイズ,2,160,木内,貴士,,3F 84
4360205699,未発送,1/11/2024 15:46,MONO消しゴム,中サイズ,2,160,木内,貴士,,3F 85
4360205700,未発送,1/11/2024 15:46,MONO消しゴム,中サイズ,2,160,木内,貴士,,3F 86
4360205701,未発送,1/11/2024 15:46,MONO消しゴム,中サイズ,2,160,木内,貴士,,3F 87
4360205702,未発送,1/11/2024 15:46,MONO消しゴム,中サイズ,2,160,木内,貴士,,3F 88
4360205703,未発送,1/11/2024 15:46,MONO消しゴム,中サイズ,2,160,木内,貴士,,3F 89
4360205704,未発送,1/11/2024 15:46,MONO消しゴム,中サイズ,2,160,木内,貴士,,3F 90
4360205705,未発送,1/11/2024 15:46,MONO消しゴム,中サイズ,2,160,木内,貴士,,3F 91
4360205706,未発送,1/11/2024 15:46,MONO消しゴム,中サイズ,2,160,木内,貴士,,3F 92
4360205707,未発送,1/11/2024 15:46,MONO消しゴム,中サイズ,2,160,木内,貴士,,3F 93
4360205708,未発送,1/11/2024 15:46,MONO消しゴム,中サイズ,2,160,木内,貴士,,3F 94
4360205709,未発送,1/11/2024 15:46,MONO消しゴム,中サイズ,2,160,木内,貴士,,3F 95
4360205710,未発送,1/11/2024 15:46,MONO消しゴム,中サイズ,2,160,木内,貴士,,3F 96
4360205711,未発送,1/11/2024 15:46,MONO消しゴム,中サイズ,2,160,木内,貴士,,3F 97
4360205712,未発送,1/11/2024 15:46,MONO消しゴム,中サイズ,2,160,木内,貴士,,3F 98
4360205713,未発送,1/11/2024 15:46,MONO消しゴム,中サイズ,2,160,木内,貴士,,3F 99
4360205714,未発送,1/11/2024 15:46,MONO消しゴム,中サイズ,2,160,木内,貴士,,3F 100
4360205715,未発送,1/11/2024 15:46,MONO消しゴム,中サイズ,2,160,木内,貴士,,3F 101
4360205716,未発送,1/11/2024 15:46,MONO消しゴム,中サイズ,2,160,木内,貴士,,3F 102
4360205717,未発送,1/11/2024 15:46,MONO消しゴム,中サイズ,2,160,木内,貴士,,3F 103
4360205718,未発送,1/11/2024 15:46,MONO消しゴム,中サイズ,2,160,木内,貴士,,3F 104
4360205719,未発送,1/11/2024 15:46,MONO消しゴム,中サイズ,2,160,木内,貴士,,3F 105
4360205720,未発送,1/11/2024 15:46,MONO消しゴム,中サイズ,2,160,木内,貴士,,3F 106
4360205721,未発送,1/11/2024 15:46,MONO消しゴム,中サイズ,2,160,木内,貴士,,3F 107
4360205722,未発送,1/11/2024 15:46,MONO消しゴム,中サイズ,2,160,木内,貴士,,3F 108
4360205723,未発送,1/11/2024 15:46,MONO消しゴム,中サイズ,2,160,木内,貴士,,3F 109
4360205724,未発送,1/11/2024 15:46,MONO消しゴム,中サイズ,2,160,木内,貴士,,3F 110
4360205725,未発送,1/11/2024 15:46,MONO消しゴム,中サイズ,2,160,木内,貴士,,3F 111
4360205726,未発送,1/11/2024 15:46,MONO消しゴム,中サイズ,2,160,木内,貴士,,3F 112
4360205727,未発送,1/11/2024 15:46,MONO消しゴム,中サイズ,2,160,木内,貴士,,3F 113
4360205728,未発送,1/11/2024 15:46,MONO消しゴム,中サイズ,2,160,木内,貴士,,3F 114
4360205729,未発送,1/11/2024 15:46,MONO消しゴム,中サイズ,2,160,木内,貴士,,3F 115
4360205730,未発送,1/11/2024 15:46,MONO消しゴム,中サイズ,2,160,木内,貴士,,3F 116
4360205731,未発送,1/11/2024 15:46,MONO消しゴム,中サイズ,2,160,木内,貴士,,3F 117
4360205732,未発送,1/11/2024 15:46,MONO消しゴム,中サイズ,2,160,木内,貴士,,3F 118
4360205733,未発送,1/11/2024 15:46,MONO消しゴム,中サイズ,2,160,木内,貴士,,3F 119
4360205734,未発送,1/11/2024 15:46,MONO消しゴム,中サイズ,2,160,木内,貴士,,3F 120
4360205735,未発送,1/11/2024 15:46,MONO消しゴム,中サイズ,2,160,木内,貴士,,3F 121
4360205736,未発送,1/11/2024 15:46,MONO消しゴム,中サイズ,2,160,木内,貴士,,3F 122
4360205737,未発送,1/11/2024 15:46,MONO消しゴム,中サイズ,2,160,木内,貴士,,3F 123
4360205738,未発送,1/11/2024 15:46,MONO消しゴム,中サイズ,2,160,木内,貴士,,3F 124
4360205739,未発送,1/11/2024 15:46,MONO消しゴム,中サイズ,2,160,木内,貴士,,3F 125
4360205740,未発送,1/11/2024 15:46,MONO消しゴム,中サイズ,2,160,木内,貴士,,3F 126
4360205741,未発送,1/11/2024 15:46,MONO消しゴム,中サイズ,2,160,木内,貴士,,3F 127
4360205742,未発送,1/11/2024 15:46,MONO消しゴム,中サイズ,2,160,木内,貴士,,3F 128
4360205743,未発送,1/11/2024 15:46,MONO消しゴム,中サイズ,2,160,木内,貴士,,3F 129
4360205744,未発送,1/11/2024 15:46,MONO消しゴム,中サイズ,2,160,木内,貴士,,3F 130
4360205745,未発送,1/11/2024 15:46,MONO消しゴム,中サイズ,2,160,木内,貴士,,3F 131
4360205746,未発送,1/11/2024 15:46,MONO消しゴム,中サイズ,2,160,木内,貴士,,3F 132
4360205747,未発送,1/11/2024 15:46,MONO消しゴム,中サイズ,2,160,木内,貴士,,3F 133
4360205748,未発送,1/11/2024 15:46,MONO消しゴム,中サイズ,2,160,木内,貴士,,3F 134
4360205749,未発送,1/11/2024 15:46,MONO消しゴム,中サイズ,2,160,木内,貴士,,3F 135
4360205750,未発送,1/11/2024 15:46,MONO消しゴム,中サイズ,2,160,木内,貴士,,3F 136
4360205751,未発送,1/11/2024 15:46,MONO消しゴム,中サイズ,2,160,木内,貴士,,3F 137
4360205752,未発送,1/11/2024 15:46,MONO消しゴム,中サイズ,2,160,木内,貴士,,3F 138
4360205753,未発送,1/11/2024 15:46,MONO消しゴム,中サイズ,2,160,木内,貴士,,3F 139
4360205754,未発送,1/11/2024 15:46,MONO消しゴム,中サイズ,2,160,木内,貴士,,3F 140
4360205755,未発送,1/11/2024 15:46,MONO消しゴム,中サイズ,2,160,木内,貴士,,3F 141
4360205756,未発送,1/11/2024 15:46,MONO消しゴム,中サイズ,2,160,木内,貴士,,3F 142
4360205757,未発送,1/11/2024 15:46,MONO消しゴム,中サイズ,2,160,木内,貴士,,3F 143
4360205758,未発送,1/11/2024 15:46,MONO消しゴム,中サイズ,2,160,木内,貴士,,3F 144
4360205759,未発送,1/11/2024 15:46,MONO消しゴム,中サイズ,2,160,木内,貴士,,3F 145
4360205760,未発送,1/11/2024 15:46,MONO消しゴム,中サイズ,2,160,木内,貴士,,3F 146
4360205761,未発送,1/11/2024 15:46,MONO消しゴム,中サイズ,2,160,木内,貴士,,3F 147
4360205762,未発送,1/11/2024 15:46,MONO消しゴム,中サイズ,2,160,木内,貴士,,3F 148
4360205763,未発送,1/11/2024 15:46,MONO消しゴム,中サイズ,2,160,木内,貴士,,3F 149
4360205764,未発送,1/11/2024 15:46,MONO消しゴム,中サイズ,2,160,木内,貴士,,3F 150
4360205765,未発送,1/11/2024 15:46,MONO消しゴム,中サイズ,2,160,木内,貴士,,3F 151
4360205766,未発送,1/11/2024 15:46,MONO消しゴム,中サイズ,2,160,木内,貴士,,3F 152
4360205767,未発送,1/11/2024 15:46,MONO消しゴム,中サイズ,2,160,木内,貴士,,3F 153
4360205768,未発送,1/11/2024 15:46,MONO消しゴム,中サイズ,2,160,木内,貴士,,3F 154
4360205769,未発送,1/11/2024 15:46,MONO消しゴム,中サイズ,2,160,木内,貴士,,3F 155
4360205770,未発送,1/11/2024 15:46,MONO消しゴム,中サイズ,2,160,木内,貴士,,3F 156
4360205771,未発送,1/11/2024 15:46,MONO消しゴム,中サイズ,2,160,木内,貴士,,3F 157
4360205772,未発送,1/11/2024 15:46,MONO消しゴム,中サイズ,2,160,木内,貴士,,3F 158
4360205773,未発送,1/11/2024 15:46,MONO消しゴム,中サイズ,2,160,木内,貴士,,3F 159
4360205774,未発送,1/11/2024 15:46,MONO消しゴム,中サイズ,2,160,木内,貴士,,3F 160
4360205775,未発送,1/11/2024 15:46,MONO消しゴム,中サイズ,2,160,木内,貴士,,3F 161
4360205776,未発送,1/11/2024 15:46,MONO消しゴム,中サイズ,2,160,木内,貴士,,3F 162
4360205777,未発送,1/11/2024 15:46,MONO消しゴム,中サイズ,2,160,木内,貴士,,3F 163
4360205778,未発送,1/11/2024 15:46,MONO消しゴム,中サイズ,2,160,木内,貴士,,3F 164
4360205779,未発送,1/11/2024 15:46,MONO消しゴム,中サイズ,2,160,木内,貴士,,3F 165
4360205780,未発送,1/11/2024 15:46,MONO消しゴム,中サイズ,2,160,木内,貴士,,3F 166
4360205781,未発送,1/11/2024 15:46,MONO消しゴム,中サイズ,2,160,木内,貴士,,3F 167
4360205782,未発送,1/11/2024 15:46,MONO消しゴム,中サイズ,2,160,木内,貴士,,3F 168
4360205783,未発送,1/11/2024 15:46,MONO消しゴム,中サイズ,2,160,木内,貴士,,3F 169
4360205784,未発送,1/11/2024 15:46,MONO消しゴム,中サイズ,2,160,木内,貴士,,3F 170
4360205785,未発送,1/11/2024 15:46,MONO消しゴム,中サイズ,2,160,木内,貴士,,3F 171
4360205786,未発送,1/11/2024 15:46,MONO消しゴム,中サイズ,2,160,木内,貴士,,3F 172
4360205787,未発送,1/11/2024 15:46,MONO消しゴム,中サイズ,2,160,木内,貴士,,3F 173
4360205788,未発送,1/11/2024 15:46,MONO消しゴム,中サイズ,2,160,木内,貴士,,3F 174
4360205789,未発送,1/11/2024 15:46,MONO消しゴム,中サイズ,2,160,木内,貴士,,3F 175
4360205790,未発送,1/11/2024 15:46,MONO消しゴム,中サイズ,2,160,木内,貴士,,3F 176
4360205791,未発送,1/11/2024 15:46,MONO消しゴム,中サイズ,2,160,木内,貴士,,3F 177
4360205792,未発送,1/11/2024 15:46,MONO消しゴム,中サイズ,2,160,木内,貴士,,3F 178
4360205793,未発送,1/11/2024 15:46,MONO消しゴム,中サイズ,2,160,木内,貴士,,3F 179
4360205794,未発送,1/11/2024 15:46,MONO消しゴム,中サイズ,2,160,木内,貴士,,3F 180
4360205795,未発送,1/11/2024 15:46,MONO消しゴム,中サイズ,2,160,木内,貴士,,3F 181
4360205796,未発送,1/11/2024 15:46,MONO消しゴム,中サイズ,2,160,木内,貴士,,3F 182
4360205797,未発送,1/11/2024 15:46,MONO消しゴム,中サイズ,2,160,木内,貴士,,3F 183
4360205798,未発送,1/11/2024 15:46,MONO消しゴム,中サイズ,2,160,木内,貴士,,3F 184
4360205799,未発送,1/11/2024 15:46,MONO消しゴム,中サイズ,2,160,木内,貴士,,3F 185
4360205800,未発送,1/11/2024 15:46,MONO消しゴム,中サイズ,2,160,木内,貴士,,3F 186
4360205801,未発送,1/11/2024 15:46,MONO消しゴム,中サイズ,2,160,木内,貴士,,3F 187
4360205802,未発送,1/11/2024 15:46,MONO消しゴム,中サイズ,2,160,木内,貴士,,3F 188
4360205803,未発送,1/11/2024 15:46,MONO消しゴム,中サイズ,2,160,木内,貴士,,3F 189
4360205804,未発送,1/11/2024 15:46,MONO消しゴム,中サイズ,2,160,木内,貴士,,3F 190
4360205805,未発送,1/11/2024 15:46,MONO消しゴム,中サイズ,2,160,木内,貴士,,3F 191
4360205806,未発送,1/11/2024 15:46,MONO消しゴム,中サイズ,2,160,木内,貴士,,3F 192
4360205807,未発送,1/11/2024 15:46,MONO消しゴム,中サイズ,2,160,木内,貴士,,3F 193
4360205808,未発送,1/11/2024 15:46,MONO消しゴム,中サイズ,2,160,木内,貴士,,3F 194
4360205809,未発送,1/11/2024 15:46,MONO消しゴム,中サイズ,2,160,木内,貴士,,3F 195
4360205810,未発送,1/11/2024 15:46,MONO消しゴム,中サイズ,2,160,木内,貴士,,3F 196
4360205811,未発送,1/11/2024 15:46,MONO消しゴム,中サイズ,2,160,木内,貴士,,3F 197
4360205812,未発送,1/11/2024 15:46,MONO消しゴム,中サイズ,2,160,木内,貴士,,3F 198
4360205813,未発送,1/11/2024 15:46,MONO消しゴム,中サイズ,2,160,木内,貴士,,3F 199
4360205814,未発送,1/11/2024 15:46,MONO消しゴム,中サイズ,2,160,木内,貴士,,3F 200
4360205815,未発送,1/11/2024 15:46,MONO消しゴム,中サイズ,2,160,木内,貴士,,3F 201
4360205816,未発送,1/11/2024 15:46,MONO消しゴム,中サイズ,2,160,木内,貴士,,3F 202
4360205817,未発送,1/11/2024 15:46,MONO消しゴム,中サイズ,2,160,木内,貴士,,3F 203
4360205818,未発送,1/11/2024 15:46,MONO消しゴム,中サイズ,2,160,木内,貴士,,3F 204
4360205819,未発送,1/11/2024 15:46,MONO消しゴム,中サイズ,2,160,木内,貴士,,3F 205
4360205820,未発送,1/11/2024 15:46,MONO消しゴム,中サイズ,2,160,木内,貴士,,3F 206
4360205821,未発送,1/11/2024 15:46,MONO消しゴム,中サイズ,2,160,木内,貴士,,3F 207
4360205822,未発送,1/11/2024 15:46,MONO消しゴム,中サイズ,2,160,木内,貴士,,3F 208
4360205823,未発送,1/11/2024 15:46,MONO消しゴム,中サイズ,2,160,木内,貴士,,3F 209
4360205824,未発送,1/11/2024 15:46,MONO消しゴム,中サイズ,2,160,木内,貴士,,3F 210
4360205825,未発送,1/11/2024 15:46,MONO消しゴム,中サイズ,2,160,木内,貴士,,3F 211
4360205826,未発送,1/11/2024 15:46,MONO消しゴム,中サイズ,2,160,木内,貴士,,3F 212
4360205827,未発送,1/11/2024 15:46,MONO消しゴム,中サイズ,2,160,木内,貴士,,3F 213
4360205828,未発送,1/11/2024 15:46,MONO消しゴム,中サイズ,2,160,木内,貴士,,3F 214
4360205829,未発送,1/11/2024 15:46,MONO消しゴム,中サイズ,2,160,木内,貴士,,3F 215
4360205830,未発送,1/11/2024 15:46,MONO消しゴム,中サイズ,2,160,木内,貴士,,3F 216
4360205831,未発送,1/11/2024 15:46,MONO消しゴム,中サイズ,2,160,木内,貴士,,3F 217
4360205832,未発送,1/11/2024 15:46,MONO消しゴム,中サイズ,2,160,木内,貴士,,3F 218
4360205833,未発送,1/11/2024 15:46,MONO消しゴム,中サイズ,2,160,木内,貴士,,3F 219
4360205834,未発送,1/11/2024 15:46,MONO消しゴム,中サイズ,2,160,木内,貴士,,3F 220
4360205835,未発送,1/11/2024 15:46,MONO消しゴム,中サイズ,2,160,木内,貴士,,3F 221
4360205836,未発送,1/11/2024 15:46,MONO消しゴム,中サイズ,2,160,木内,貴士,,3F 222
4360205837,未発送,1/11/2024 15:46,MONO消しゴム,中サイズ,2,160,木内,貴士,,3F 223
4360205838,未発送,1/11/2024 15:46,MONO消しゴム,中サイズ,2,160,木内,貴士,,3F 224
4360205839,未発送,1/11/2024 15:46,MONO消しゴム,中サイズ,2,160,木内,貴士,,3F 225
4360205840,未発送,1/11/2024 15:46,MONO消しゴム,中サイズ,2,160,木内,貴士,,3F 226
4360205841,未発送,1/11/2024 15:46,MONO消しゴム,中サイズ,2,160,木内,貴士,,3F 227
4360205842,未発送,1/11/2024 15:46,MONO消しゴム,中サイズ,2,160,木内,貴士,,3F 228
4360205843,未発送,1/11/2024 15:46,MONO消しゴム,中サイズ,2,160,木内,貴士,,3F 229
4360205844,未発送,1/11/2024 15:46,MONO消しゴム,中サイズ,2,160,木内,貴士,,3F 230
4360205845,未発送,1/11/2024 15:46,MONO消しゴム,中サイズ,2,160,木内,貴士,,3F 231
4360205846,未発送,1/11/2024 15:46,MONO消しゴム,中サイズ,2,160,木内,貴士,,3F 232
4360205847,未発送,1/11/2024 15:46,MONO消しゴム,中サイズ,2,160,木内,貴士,,3F 233
4360205848,未発送,1/11/2024 15:46,MONO消しゴム,中サイズ,2,160,木内,貴士,,3F 234
4360205849,未発送,1/11/2024 15:46,MONO消しゴム,中サイズ,2,160,木内,貴士,,3F 235
4360205850,未発送,1/11/2024 15:46,MONO消しゴム,中サイズ,2,160,木内,貴士,,3F 236
4360205851,未発送,1/11/2024 15:46,MONO消しゴム,中サイズ,2,160,木内,貴士,,3F 237
4360205852,未発送,1/11/2024 15:46,MONO消しゴム,中サイズ,2,160,木内,貴士,,3F 238
4360205853,未発送,1/11/2024 15:46,MONO消しゴム,中サイズ,2,160,木内,貴士,,3F 239
4360205854,未発送,1/11/2024 15:46,MONO消しゴム,中サイズ,2,160,木内,貴士,,3F 240
4360205855,未発送,1/11/2024 15:46,MONO消しゴム,中サイズ,2,160,木内,貴士,,3F 241
4360205856,未発送,1/11/2024 15:46,MONO消しゴム,中サイズ,2,160,木内,貴士,,3F 242
4360205857,未発送,1/11/2024 15:46,MONO消しゴム,中サイズ,2,160,木内,貴士,,3F 243
4360205858,未発送,1/11/2024 15:46,MONO消しゴム,中サイズ,2,160,木内,貴士,,3F 244
4360205859,未発送,1/11/2024 15:46,MONO消しゴム,中サイズ,2,160,木内,貴士,,3F 245
4360205860,未発送,1/11/2024 15:46,MONO消しゴム,中サイズ,2,160,木内,貴士,,3F 246
4360205861,未発送,1/11/2024 15:46,MONO消しゴム,中サイズ,2,160,木内,貴士,,3F 247
4360205862,未発送,1/11/2024 15:46,MONO消しゴム,中サイズ,2,160,木内,貴士,,3F 248
4360205863,未発送,1/11/2024 15:46,MONO消しゴム,中サイズ,2,160,木内,貴士,,3F 249
4360205864,未発送,1/11/2024 15:46,MONO消しゴム,中サイズ,2,160,木内,貴士,,3F 250
