オーダー番号,ステータス,支払方法,オーダー日,決済完了日,発送開始時期,発送終了時期,発送完了日,アイテム名,種類,品番,バーコード,個数,小計,配送料,販売タイプ,販売サイクル,クーポン名,クーポン割引額,ディスカウント割引額,ディスカウント率,まとめて割,セット割,代引き手数料,ギフトラッピング,ラッピング手数料,合計,内消費税,合計(10%),内消費税(10%),合計(8%),内消費税(8%),決済手数料,決済手数料率,氏(配送先),名(配送先),郵便番号(配送先),都道府県(配送先),住所(配送先),電話番号(配送先),お届け希望日,お届け希望時間,氏(購入者),名(購入者),郵便番号(購入者),都道府県(購入者),住所(購入者),電話番号(購入者),メールアドレス,領収書宛名,備考,メモ,原価
4360205615,未発送,クレジットカード,1/11/2024 15:46,1/11/2024 15:46,,,,MONO消しゴム,中サイズ,,,2,160,0,物販,,,,,,,,0,,0,160,14,160,14,,,8,5,木内,貴士,1020093,東京都,千代田区平河町無番地,0,,,木内,貴士,1020093,東京都,千代田区平河町無番地,0,T3000023@city-chiyoda.ed.jp,,3F 1,,
4360205616,未発送,クレジットカード,1/11/2024 15:46,1/11/2024 15:46,,,,MONO消しゴム,中サイズ,,,2,160,0,物販,,,,,,,,0,,0,160,14,160,14,,,8,5,木内,貴士,1020094,東京都,千代田区平河町無番地,1,,,木内,貴士,1020094,東京都,千代田区平河町無番地,1,T3000024@city-chiyoda.ed.jp,,3F 2,,
4360205617,未発送,クレジットカード,1/11/2024 15:46,1/11/2024 15:46,,,,MONO消しゴム,中サイズ,,,2,160,0,物販,,,,,,,,0,,0,160,14,160,14,,,8,5,木内,貴士,1020095,東京都,千代田区平河町無番地,2,,,木内,貴士,1020095,東京都,千代田区平河町無番地,2,T3000025@city-chiyoda.ed.jp,,3F 3,,
4360205618,未発送,クレジットカード,1/11/2024 15:46,1/11/2024 15:46,,,,MONO消しゴム,中サイズ,,,2,160,0,物販,,,,,,,,0,,0,160,14,160,14,,,8,5,木内,貴士,1020096,東京都,千代田区平河町無番地,3,,,木内,貴士,1020096,東京都,千代田区平河町無番地,3,T3000026@city-chiyoda.ed.jp,,3F 4,,
4360205619,未発送,クレジットカード,1/11/2024 15:46,1/11/2024 15:46,,,,MONO消しゴム,中サイズ,,,2,160,0,物販,,,,,,,,0,,0,160,14,160,14,,,8,5,木内,貴士,1020097,東京都,千代田区平河町無番地,4,,,木内,貴士,1020097,東京都,千代田区平河町無番地,4,T3000027@city-chiyoda.ed.jp,,3F 5,,
4360205620,未発送,クレジットカード,1/11/2024 15:46,1/11/2024 15:46,,,,MONO消しゴム,中サイズ,,,2,160,0,物販,,,,,,,,0,,0,160,14,160,14,,,8,5,木内,貴士,1020098,東京都,千代田区平河町無番地,5,,,木内,貴士,1020098,東京都,千代田区平河町無番地,5,T3000028@city-chiyoda.ed.jp,,3F 6,,
4360205621,未発送,クレジットカード,1/11/2024 15:46,1/11/2024 15:46,,,,MONO消しゴム,中サイズ,,,2,160,0,物販,,,,,,,,0,,0,160,14,160,14,,,8,5,木内,貴士,1020099,東京都,千代田区平河町無番地,6,,,木内,貴士,1020099,東京都,千代田区平河町無番地,6,T3000029@city-chiyoda.ed.jp,,3F 7,,
4360205622,未発送,クレジットカード,1/11/2024 15:46,1/11/2024 15:46,,,,MONO消しゴム,中サイズ,,,2,160,0,物販,,,,,,,,0,,0,160,14,160,14,,,8,5,木内,貴士,1020100,東京都,千代田区平河町無番地,7,,,木内,貴士,1020100,東京都,千代田区平河町無番地,7,T3000030@city-chiyoda.ed.jp,,3F 8,,
4360205623,未発送,クレジットカード,1/11/2024 15:46,1/11/2024 15:46,,,,MONO消しゴム,中サイズ,,,2,160,0,物販,,,,,,,,0,,0,160,14,160,14,,,8,5,木内,貴士,1020101,東京都,千代田区平河町無番地,8,,,木内,貴士,1020101,東京都,千代田区平河町無番地,8,T3000031@city-chiyoda.ed.jp,,3F 9,,
4360205624,未発送,クレジットカード,1/11/2024 15:46,1/11/2024 15:46,,,,MONO消しゴム,中サイズ,,,2,160,0,物販,,,,,,,,0,,0,160,14,160,14,,,8,5,木内,貴士,1020102,東京都,千代田区平河町無番地,9,,,木内,貴士,1020102,東京都,千代田区平河町無番地,9,T3000032@city-chiyoda.ed.jp,,3F 10,,
4360205625,未発送,クレジットカード,1/11/2024 15:46,1/11/2024 15:46,,,,MONO消しゴム,中サイズ,,,2,160,0,物販,,,,,,,,0,,0,160,14,160,14,,,8,5,木内,貴士,1020103,東京都,千代田区平河町無番地,10,,,木内,貴士,1020103,東京都,千代田区平河町無番地,10,T3000033@city-chiyoda.ed.jp,,3F 11,,
4360205626,未発送,クレジットカード,1/11/2024 15:46,1/11/2024 15:46,,,,MONO消しゴム,中サイズ,,,2,160,0,物販,,,,,,,,0,,0,160,14,160,14,,,8,5,木内,貴士,1020104,東京都,千代田区平河町無番地,11,,,木内,貴士,1020104,東京都,千代田区平河町無番地,11,T3000034@city-chiyoda.ed.jp,,3F 12,,
4360205627,未発送,クレジットカード,1/11/2024 15:46,1/11/2024 15:46,,,,MONO消しゴム,中サイズ,,,2,160,0,物販,,,,,,,,0,,0,160,14,160,14,,,8,5,木内,貴士,1020105,東京都,千代田区平河町無番地,12,,,木内,貴士,1020105,東京都,千代田区平河町無番地,12,T3000035@city-chiyoda.ed.jp,,3F 13,,
4360205628,未発送,クレジットカード,1/11/2024 15:46,1/11/2024 15:46,,,,MONO消しゴム,中サイズ,,,2,160,0,物販,,,,,,,,0,,0,160,14,160,14,,,8,5,木内,貴士,1020106,東京都,千代田区平河町無番地,13,,,木内,貴士,1020106,東京都,千代田区平河町無番地,13,T3000036@city-chiyoda.ed.jp,,3F 14,,
4360205629,未発送,クレジットカード,1/11/2024 15:46,1/11/2024 15:46,,,,MONO消しゴム,中サイズ,,,2,160,0,物販,,,,,,,,0,,0,160,14,160,14,,,8,5,木内,貴士,1020107,東京都,千代田区平河町無番地,14,,,木内,貴士,1020107,東京都,千代田区平河町無番地,14,T3000037@city-chiyoda.ed.jp,,3F 15,,
4360205630,未発送,クレジットカード,1/11/2024 15:46,1/11/2024 15:46,,,,MONO消しゴム,中サイズ,,,2,160,0,物販,,,,,,,,0,,0,160,14,160,14,,,8,5,木内,貴士,1020108,東京都,千代田区平河町無番地,15,,,木内,貴士,1020108,東京都,千代田区平河町無番地,15,T3000038@city-chiyoda.ed.jp,,3F 16,,
4360205631,未発送,クレジットカード,1/11/2024 15:46,1/11/2024 15:46,,,,MONO消しゴム,中サイズ,,,2,160,0,物販,,,,,,,,0,,0,160,14,160,14,,,8,5,木内,貴士,1020109,東京都,千代田区平河町無番地,16,,,木内,貴士,1020109,東京都,千代田区平河町無番地,16,T3000039@city-chiyoda.ed.jp,,3F 17,,
4360205632,未発送,クレジットカード,1/11/2024 15:46,1/11/2024 15:46,,,,MONO消しゴム,中サイズ,,,2,160,0,物販,,,,,,,,0,,0,160,14,160,14,,,8,5,木内,貴士,1020110,東京都,千代田区平河町無番地,17,,,木内,貴士,1020110,東京都,千代田区平河町無番地,17,T3000040@city-chiyoda.ed.jp,,3F 18,,
4360205633,未発送,クレジットカード,1/11/2024 15:46,1/11/2024 15:46,,,,MONO消しゴム,中サイズ,,,2,160,0,物販,,,,,,,,0,,0,160,14,160,14,,,8,5,木内,貴士,1020111,東京都,千代田区平河町無番地,18,,,木内,貴士,1020111,東京都,千代田区平河町無番地,18,T3000041@city-chiyoda.ed.jp,,3F 19,,
4360205634,未発送,クレジットカード,1/11/2024 15:46,1/11/2024 15:46,,,,MONO消しゴム,中サイズ,,,2,160,0,物販,,,,,,,,0,,0,160,14,160,14,,,8,5,木内,貴士,1020112,東京都,千代田区平河町無番地,19,,,木内,貴士,1020112,東京都,千代田区平河町無番地,19,T3000042@city-chiyoda.ed.jp,,3F 20,,
4360205635,未発送,クレジットカード,1/11/2024 15:46,1/11/2024 15:46,,,,MONO消しゴム,中サイズ,,,2,160,0,物販,,,,,,,,0,,0,160,14,160,14,,,8,5,木内,貴士,1020113,東京都,千代田区平河町無番地,20,,,木内,貴士,1020113,東京都,千代田区平河町無番地,20,T3000043@city-chiyoda.ed.jp,,3F 21,,
4360205636,未発送,クレジットカード,1/11/2024 15:46,1/11/2024 15:46,,,,MONO消しゴム,中サイズ,,,2,160,0,物販,,,,,,,,0,,0,160,14,160,14,,,8,5,木内,貴士,1020114,東京都,千代田区平河町無番地,21,,,木内,貴士,1020114,東京都,千代田区平河町無番地,21,T3000044@city-chiyoda.ed.jp,,3F 22,,
4360205637,未発送,クレジットカード,1/11/2024 15:46,1/11/2024 15:46,,,,MONO消しゴム,中サイズ,,,2,160,0,物販,,,,,,,,0,,0,160,14,160,14,,,8,5,木内,貴士,1020115,東京都,千代田区平河町無番地,22,,,木内,貴士,1020115,東京都,千代田区平河町無番地,22,T3000045@city-chiyoda.ed.jp,,3F 23,,
4360205638,未発送,クレジットカード,1/11/2024 15:46,1/11/2024 15:46,,,,MONO消しゴム,中サイズ,,,2,160,0,物販,,,,,,,,0,,0,160,14,160,14,,,8,5,木内,貴士,1020116,東京都,千代田区平河町無番地,23,,,木内,貴士,1020116,東京都,千代田区平河町無番地,23,T3000046@city-chiyoda.ed.jp,,3F 24,,
4360205639,未発送,クレジットカード,1/11/2024 15:46,1/11/2024 15:46,,,,MONO消しゴム,中サイズ,,,2,160,0,物販,,,,,,,,0,,0,160,14,160,14,,,8,5,木内,貴士,1020117,東京都,千代田区平河町無番地,24,,,木内,貴士,1020117,東京都,千代田区平河町無番地,24,T3000047@city-chiyoda.ed.jp,,3F 25,,
4360205640,未発送,クレジットカード,1/11/2024 15:46,1/11/2024 15:46,,,,MONO消しゴム,中サイズ,,,2,160,0,物販,,,,,,,,0,,0,160,14,160,14,,,8,5,木内,貴士,1020118,東京都,千代田区平河町無番地,25,,,木内,貴士,1020118,東京都,千代田区平河町無番地,25,T3000048@city-chiyoda.ed.jp,,3F 26,,
4360205641,未発送,クレジットカード,1/11/2024 15:46,1/11/2024 15:46,,,,MONO消しゴム,中サイズ,,,2,160,0,物販,,,,,,,,0,,0,160,14,160,14,,,8,5,木内,貴士,1020119,東京都,千代田区平河町無番地,26,,,木内,貴士,1020119,東京都,千代田区平河町無番地,26,T3000049@city-chiyoda.ed.jp,,3F 27,,
4360205642,未発送,クレジットカード,1/11/2024 15:46,1/11/2024 15:46,,,,MONO消しゴム,中サイズ,,,2,160,0,物販,,,,,,,,0,,0,160,14,160,14,,,8,5,木内,貴士,1020120,東京都,千代田区平河町無番地,27,,,木内,貴士,1020120,東京都,千代田区平河町無番地,27,T3000050@city-chiyoda.ed.jp,,3F 28,,
4360205643,未発送,クレジットカード,1/11/2024 15:46,1/11/2024 15:46,,,,MONO消しゴム,中サイズ,,,2,160,0,物販,,,,,,,,0,,0,160,14,160,14,,,8,5,木内,貴士,1020121,東京都,千代田区平河町無番地,28,,,木内,貴士,1020121,東京都,千代田区平河町無番地,28,T3000051@city-chiyoda.ed.jp,,3F 29,,
4360205644,未発送,クレジットカード,1/11/2024 15:46,1/11/2024 15:46,,,,MONO消しゴム,中サイズ,,,2,160,0,物販,,,,,,,,0,,0,160,14,160,14,,,8,5,木内,貴士,1020122,東京都,千代田区平河町無番地,29,,,木内,貴士,1020122,東京都,千代田区平河町無番地,29,T3000052@city-chiyoda.ed.jp,,3F 30,,
4360205645,未発送,クレジットカード,1/11/2024 15:46,1/11/2024 15:46,,,,MONO消しゴム,中サイズ,,,2,160,0,物販,,,,,,,,0,,0,160,14,160,14,,,8,5,木内,貴士,1020123,東京都,千代田区平河町無番地,30,,,木内,貴士,1020123,東京都,千代田区平河町無番地,30,T3000053@city-chiyoda.ed.jp,,3F 31,,
4360205646,未発送,クレジットカード,1/11/2024 15:46,1/11/2024 15:46,,,,MONO消しゴム,中サイズ,,,2,160,0,物販,,,,,,,,0,,0,160,14,160,14,,,8,5,木内,貴士,1020124,東京都,千代田区平河町無番地,31,,,木内,貴士,1020124,東京都,千代田区平河町無番地,31,T3000054@city-chiyoda.ed.jp,,3F 32,,
4360205647,未発送,クレジットカード,1/11/2024 15:46,1/11/2024 15:46,,,,MONO消しゴム,中サイズ,,,2,160,0,物販,,,,,,,,0,,0,160,14,160,14,,,8,5,木内,貴士,1020125,東京都,千代田区平河町無番地,32,,,木内,貴士,1020125,東京都,千代田区平河町無番地,32,T3000055@city-chiyoda.ed.jp,,3F 33,,
4360205648,未発送,クレジットカード,1/11/2024 15:46,1/11/2024 15:46,,,,MONO消しゴム,中サイズ,,,2,160,0,物販,,,,,,,,0,,0,160,14,160,14,,,8,5,木内,貴士,1020126,東京都,千代田区平河町無番地,33,,,木内,貴士,1020126,東京都,千代田区平河町無番地,33,T3000056@city-chiyoda.ed.jp,,3F 34,,
4360205649,未発送,クレジットカード,1/11/2024 15:46,1/11/2024 15:46,,,,MONO消しゴム,中サイズ,,,2,160,0,物販,,,,,,,,0,,0,160,14,160,14,,,8,5,木内,貴士,1020127,東京都,千代田区平河町無番地,34,,,木内,貴士,1020127,東京都,千代田区平河町無番地,34,T3000057@city-chiyoda.ed.jp,,3F 35,,
4360205650,未発送,クレジットカード,1/11/2024 15:46,1/11/2024 15:46,,,,MONO消しゴム,中サイズ,,,2,160,0,物販,,,,,,,,0,,0,160,14,160,14,,,8,5,木内,貴士,1020128,東京都,千代田区平河町無番地,35,,,木内,貴士,1020128,東京都,千代田区平河町無番地,35,T3000058@city-chiyoda.ed.jp,,3F 36,,
4360205651,未発送,クレジットカード,1/11/2024 15:46,1/11/2024 15:46,,,,MONO消しゴム,中サイズ,,,2,160,0,物販,,,,,,,,0,,0,160,14,160,14,,,8,5,木内,貴士,1020129,東京都,千代田区平河町無番地,36,,,木内,貴士,1020129,東京都,千代田区平河町無番地,36,T3000059@city-chiyoda.ed.jp,,3F 37,,
4360205652,未発送,クレジットカード,1/11/2024 15:46,1/11/2024 15:46,,,,MONO消しゴム,中サイズ,,,2,160,0,物販,,,,,,,,0,,0,160,14,160,14,,,8,5,木内,貴士,1020130,東京都,千代田区平河町無番地,37,,,木内,貴士,1020130,東京都,千代田区平河町無番地,37,T3000060@city-chiyoda.ed.jp,,3F 38,,
4360205653,未発送,クレジットカード,1/11/2024 15:46,1/11/2024 15:46,,,,MONO消しゴム,中サイズ,,,2,160,0,物販,,,,,,,,0,,0,160,14,160,14,,,8,5,木内,貴士,1020131,東京都,千代田区平河町無番地,38,,,木内,貴士,1020131,東京都,千代田区平河町無番地,38,T3000061@city-chiyoda.ed.jp,,3F 39,,
4360205654,未発送,クレジットカード,1/11/2024 15:46,1/11/2024 15:46,,,,MONO消しゴム,中サイズ,,,2,160,0,物販,,,,,,,,0,,0,160,14,160,14,,,8,5,木内,貴士,1020132,東京都,千代田区平河町無番地,39,,,木内,貴士,1020132,東京都,千代田区平河町無番地,39,T3000062@city-chiyoda.ed.jp,,3F 40,,
4360205655,未発送,クレジットカード,1/11/2024 15:46,1/11/2024 15:46,,,,MONO消しゴム,中サイズ,,,2,160,0,物販,,,,,,,,0,,0,160,14,160,14,,,8,5,木内,貴士,1020133,東京都,千代田区平河町無番地,40,,,木内,貴士,1020133,東京都,千代田区平河町無番地,40,T3000063@city-chiyoda.ed.jp,,3F 41,,
4360205656,未発送,クレジットカード,1/11/2024 15:46,1/11/2024 15:46,,,,MONO消しゴム,中サイズ,,,2,160,0,物販,,,,,,,,0,,0,160,14,160,14,,,8,5,木内,貴士,1020134,東京都,千代田区平河町無番地,41,,,木内,貴士,1020134,東京都,千代田区平河町無番地,41,T3000064@city-chiyoda.ed.jp,,3F 42,,
4360205657,未発送,クレジットカード,1/11/2024 15:46,1/11/2024 15:46,,,,MONO消しゴム,中サイズ,,,2,160,0,物販,,,,,,,,0,,0,160,14,160,14,,,8,5,木内,貴士,1020135,東京都,千代田区平河町無番地,42,,,木内,貴士,1020135,東京都,千代田区平河町無番地,42,T3000065@city-chiyoda.ed.jp,,3F 43,,
4360205658,未発送,クレジットカード,1/11/2024 15:46,1/11/2024 15:46,,,,MONO消しゴム,中サイズ,,,2,160,0,物販,,,,,,,,0,,0,160,14,160,14,,,8,5,木内,貴士,1020136,東京都,千代田区平河町無番地,43,,,木内,貴士,1020136,東京都,千代田区平河町無番地,43,T3000066@city-chiyoda.ed.jp,,3F 44,,
4360205659,未発送,クレジットカード,1/11/2024 15:46,1/11/2024 15:46,,,,MONO消しゴム,中サイズ,,,2,160,0,物販,,,,,,,,0,,0,160,14,160,14,,,8,5,木内,貴士,1020137,東京都,千代田区平河町無番地,44,,,木内,貴士,1020137,東京都,千代田区平河町無番地,44,T3000067@city-chiyoda.ed.jp,,3F 45,,
4360205660,未発送,クレジットカード,1/11/2024 15:46,1/11/2024 15:46,,,,MONO消しゴム,中サイズ,,,2,160,0,物販,,,,,,,,0,,0,160,14,160,14,,,8,5,木内,貴士,1020138,東京都,千代田区平河町無番地,45,,,木内,貴士,1020138,東京都,千代田区平河町無番地,45,T3000068@city-chiyoda.ed.jp,,3F 46,,
4360205661,未発送,クレジットカード,1/11/2024 15:46,1/11/2024 15:46,,,,MONO消しゴム,中サイズ,,,2,160,0,物販,,,,,,,,0,,0,160,14,160,14,,,8,5,木内,貴士,1020139,東京都,千代田区平河町無番地,46,,,木内,貴士,1020139,東京都,千代田区平河町無番地,46,T3000069@city-chiyoda.ed.jp,,3F 47,,
4360205662,未発送,クレジットカード,1/11/2024 15:46,1/11/2024 15:46,,,,MONO消しゴム,中サイズ,,,2,160,0,物販,,,,,,,,0,,0,160,14,160,14,,,8,5,木内,貴士,1020140,東京都,千代田区平河町無番地,47,,,木内,貴士,1020140,東京都,千代田区平河町無番地,47,T3000070@city-chiyoda.ed.jp,,3F 48,,
4360205663,未発送,クレジットカード,1/11/2024 15:46,1/11/2024 15:46,,,,MONO消しゴム,中サイズ,,,2,160,0,物販,,,,,,,,0,,0,160,14,160,14,,,8,5,木内,貴士,1020141,東京都,千代田区平河町無番地,48,,,木内,貴士,1020141,東京都,千代田区平河町無番地,48,T3000071@city-chiyoda.ed.jp,,3F 49,,
4360205664,未発送,クレジットカード,1/11/2024 15:46,1/11/2024 15:46,,,,MONO消しゴム,中サイズ,,,2,160,0,物販,,,,,,,,0,,0,160,14,160,14,,,8,5,木内,貴士,1020142,東京都,千代田区平河町無番地,49,,,木内,貴士,1020142,東京都,千代田区平河町無番地,49,T3000072@city-chiyoda.ed.jp,,3F 50,,
4360205665,未発送,クレジットカード,1/11/2024 15:46,1/11/2024 15:46,,,,MONO消しゴム,中サイズ,,,2,160,0,物販,,,,,,,,0,,0,160,14,160,14,,,8,5,木内,貴士,1020143,東京都,千代田区平河町無番地,50,,,木内,貴士,1020143,東京都,千代田区平河町無番地,50,T3000073@city-chiyoda.ed.jp,,3F 51,,
4360205666,未発送,クレジットカード,1/11/2024 15:46,1/11/2024 15:46,,,,MONO消しゴム,中サイズ,,,2,160,0,物販,,,,,,,,0,,0,160,14,160,14,,,8,5,木内,貴士,1020144,東京都,千代田区平河町無番地,51,,,木内,貴士,1020144,東京都,千代田区平河町無番地,51,T3000074@city-chiyoda.ed.jp,,3F 52,,
4360205667,未発送,クレジットカード,1/11/2024 15:46,1/11/2024 15:46,,,,MONO消しゴム,中サイズ,,,2,160,0,物販,,,,,,,,0,,0,160,14,160,14,,,8,5,木内,貴士,1020145,東京都,千代田区平河町無番地,52,,,木内,貴士,1020145,東京都,千代田区平河町無番地,52,T3000075@city-chiyoda.ed.jp,,3F 53,,
4360205668,未発送,クレジットカード,1/11/2024 15:46,1/11/2024 15:46,,,,MONO消しゴム,中サイズ,,,2,160,0,物販,,,,,,,,0,,0,160,14,160,14,,,8,5,木内,貴士,1020146,東京都,千代田区平河町無番地,53,,,木内,貴士,1020146,東京都,千代田区平河町無番地,53,T3000076@city-chiyoda.ed.jp,,3F 54,,
4360205669,未発送,クレジットカード,1/11/2024 15:46,1/11/2024 15:46,,,,MONO消しゴム,中サイズ,,,2,160,0,物販,,,,,,,,0,,0,160,14,160,14,,,8,5,木内,貴士,1020147,東京都,千代田区平河町無番地,54,,,木内,貴士,1020147,東京都,千代田区平河町無番地,54,T3000077@city-chiyoda.ed.jp,,3F 55,,
4360205670,未発送,クレジットカード,1/11/2024 15:46,1/11/2024 15:46,,,,MONO消しゴム,中サイズ,,,2,160,0,物販,,,,,,,,0,,0,160,14,160,14,,,8,5,木内,貴士,1020148,東京都,千代田区平河町無番地,55,,,木内,貴士,1020148,東京都,千代田区平河町無番地,55,T3000078@city-chiyoda.ed.jp,,3F 56,,
4360205671,未発送,クレジットカード,1/11/2024 15:46,1/11/2024 15:46,,,,MONO消しゴム,中サイズ,,,2,160,0,物販,,,,,,,,0,,0,160,14,160,14,,,8,5,木内,貴士,1020149,東京都,千代田区平河町無番地,56,,,木内,貴士,1020149,東京都,千代田区平河町無番地,56,T3000079@city-chiyoda.ed.jp,,3F 57,,
4360205672,未発送,クレジットカード,1/11/2024 15:46,1/11/2024 15:46,,,,MONO消しゴム,中サイズ,,,2,160,0,物販,,,,,,,,0,,0,160,14,160,14,,,8,5,木内,貴士,1020150,東京都,千代田区平河町無番地,57,,,木内,貴士,1020150,東京都,千代田区平河町無番地,57,T3000080@city-chiyoda.ed.jp,,3F 58,,
4360205673,未発送,クレジットカード,1/11/2024 15:46,1/11/2024 15:46,,,,MONO消しゴム,中サイズ,,,2,160,0,物販,,,,,,,,0,,0,160,14,160,14,,,8,5,木内,貴士,1020151,東京都,千代田区平河町無番地,58,,,木内,貴士,1020151,東京都,千代田区平河町無番地,58,T3000081@city-chiyoda.ed.jp,,3F 59,,
4360205674,未発送,クレジットカード,1/11/2024 15:46,1/11/2024 15:46,,,,MONO消しゴム,中サイズ,,,2,160,0,物販,,,,,,,,0,,0,160,14,160,14,,,8,5,木内,貴士,1020152,東京都,千代田区平河町無番地,59,,,木内,貴士,1020152,東京都,千代田区平河町無番地,59,T3000082@city-chiyoda.ed.jp,,3F 60,,
4360205675,未発送,クレジットカード,1/11/2024 15:46,1/11/2024 15:46,,,,MONO消しゴム,中サイズ,,,2,160,0,物販,,,,,,,,0,,0,160,14,160,14,,,8,5,木内,貴士,1020153,東京都,千代田区平河町無番地,60,,,木内,貴士,1020153,東京都,千代田区平河町無番地,60,T3000083@city-chiyoda.ed.jp,,3F 61,,
4360205676,未発送,クレジットカード,1/11/2024 15:46,1/11/2024 15:46,,,,MONO消しゴム,中サイズ,,,2,160,0,物販,,,,,,,,0,,0,160,14,160,14,,,8,5,木内,貴士,1020154,東京都,千代田区平河町無番地,61,,,木内,貴士,1020154,東京都,千代田区平河町無番地,61,T3000084@city-chiyoda.ed.jp,,3F 62,,
4360205677,未発送,クレジットカード,1/11/2024 15:46,1/11/2024 15:46,,,,MONO消しゴム,中サイズ,,,2,160,0,物販,,,,,,,,0,,0,160,14,160,14,,,8,5,木内,貴士,1020155,東京都,千代田区平河町無番地,62,,,木内,貴士,1020155,東京都,千代田区平河町無番地,62,T3000085@city-chiyoda.ed.jp,,3F 63,,
4360205678,未発送,クレジットカード,1/11/2024 15:46,1/11/2024 15:46,,,,MONO消しゴム,中サイズ,,,2,160,0,物販,,,,,,,,0,,0,160,14,160,14,,,8,5,木内,貴士,1020156,東京都,千代田区平河町無番地,63,,,木内,貴士,1020156,東京都,千代田区平河町無番地,63,T3000086@city-chiyoda.ed.jp,,3F 64,,
4360205679,未発送,クレジットカード,1/11/2024 15:46,1/11/2024 15:46,,,,MONO消しゴム,中サイズ,,,2,160,0,物販,,,,,,,,0,,0,160,14,160,14,,,8,5,木内,貴士,1020157,東京都,千代田区平河町無番地,64,,,木内,貴士,1020157,東京都,千代田区平河町無番地,64,T3000087@city-chiyoda.ed.jp,,3F 65,,
4360205680,未発送,クレジットカード,1/11/2024 15:46,1/11/2024 15:46,,,,MONO消しゴム,中サイズ,,,2,160,0,物販,,,,,,,,0,,0,160,14,160,14,,,8,5,木内,貴士,1020158,東京都,千代田区平河町無番地,65,,,木内,貴士,1020158,東京都,千代田区平河町無番地,65,T3000088@city-chiyoda.ed.jp,,3F 66,,
4360205681,未発送,クレジットカード,1/11/2024 15:46,1/11/2024 15:46,,,,MONO消しゴム,中サイズ,,,2,160,0,物販,,,,,,,,0,,0,160,14,160,14,,,8,5,木内,貴士,1020159,東京都,千代田区平河町無番地,66,,,木内,貴士,1020159,東京都,千代田区平河町無番地,66,T3000089@city-chiyoda.ed.jp,,3F 67,,
4360205682,未発送,クレジットカード,1/11/2024 15:46,1/11/2024 15:46,,,,MONO消しゴム,中サイズ,,,2,160,0,物販,,,,,,,,0,,0,160,14,160,14,,,8,5,木内,貴士,1020160,東京都,千代田区平河町無番地,67,,,木内,貴士,1020160,東京都,千代田区平河町無番地,67,T3000090@city-chiyoda.ed.jp,,3F 68,,
4360205683,未発送,クレジットカード,1/11/2024 15:46,1/11/2024 15:46,,,,MONO消しゴム,中サイズ,,,2,160,0,物販,,,,,,,,0,,0,160,14,160,14,,,8,5,木内,貴士,1020161,東京都,千代田区平河町無番地,68,,,木内,貴士,1020161,東京都,千代田区平河町無番地,68,T3000091@city-chiyoda.ed.jp,,3F 69,,
4360205684,未発送,クレジットカード,1/11/2024 15:46,1/11/2024 15:46,,,,MONO消しゴム,中サイズ,,,2,160,0,物販,,,,,,,,0,,0,160,14,160,14,,,8,5,木内,貴士,1020162,東京都,千代田区平河町無番地,69,,,木内,貴士,1020162,東京都,千代田区平河町無番地,69,T3000092@city-chiyoda.ed.jp,,3F 70,,
4360205685,未発送,クレジットカード,1/11/2024 15:46,1/11/2024 15:46,,,,MONO消しゴム,中サイズ,,,2,160,0,物販,,,,,,,,0,,0,160,14,160,14,,,8,5,木内,貴士,1020163,東京都,千代田区平河町無番地,70,,,木内,貴士,1020163,東京都,千代田区平河町無番地,70,T3000093@city-chiyoda.ed.jp,,3F 71,,
4360205686,未発送,クレジットカード,1/11/2024 15:46,1/11/2024 15:46,,,,MONO消しゴム,中サイズ,,,2,160,0,物販,,,,,,,,0,,0,160,14,160,14,,,8,5,木内,貴士,1020164,東京都,千代田区平河町無番地,71,,,木内,貴士,1020164,東京都,千代田区平河町無番地,71,T3000094@city-chiyoda.ed.jp,,3F 72,,
4360205687,未発送,クレジットカード,1/11/2024 15:46,1/11/2024 15:46,,,,MONO消しゴム,中サイズ,,,2,160,0,物販,,,,,,,,0,,0,160,14,160,14,,,8,5,木内,貴士,1020165,東京都,千代田区平河町無番地,72,,,木内,貴士,1020165,東京都,千代田区平河町無番地,72,T3000095@city-chiyoda.ed.jp,,3F 73,,
4360205688,未発送,クレジットカード,1/11/2024 15:46,1/11/2024 15:46,,,,MONO消しゴム,中サイズ,,,2,160,0,物販,,,,,,,,0,,0,160,14,160,14,,,8,5,木内,貴士,1020166,東京都,千代田区平河町無番地,73,,,木内,貴士,1020166,東京都,千代田区平河町無番地,73,T3000096@city-chiyoda.ed.jp,,3F 74,,
4360205689,未発送,クレジットカード,1/11/2024 15:46,1/11/2024 15:46,,,,MONO消しゴム,中サイズ,,,2,160,0,物販,,,,,,,,0,,0,160,14,160,14,,,8,5,木内,貴士,1020167,東京都,千代田区平河町無番地,74,,,木内,貴士,1020167,東京都,千代田区平河町無番地,74,T3000097@city-chiyoda.ed.jp,,3F 75,,
4360205690,未発送,クレジットカード,1/11/2024 15:46,1/11/2024 15:46,,,,MONO消しゴム,中サイズ,,,2,160,0,物販,,,,,,,,0,,0,160,14,160,14,,,8,5,木内,貴士,1020168,東京都,千代田区平河町無番地,75,,,木内,貴士,1020168,東京都,千代田区平河町無番地,75,T3000098@city-chiyoda.ed.jp,,3F 76,,
4360205691,未発送,クレジットカード,1/11/2024 15:46,1/11/2024 15:46,,,,MONO消しゴム,中サイズ,,,2,160,0,物販,,,,,,,,0,,0,160,14,160,14,,,8,5,木内,貴士,1020169,東京都,千代田区平河町無番地,76,,,木内,貴士,1020169,東京都,千代田区平河町無番地,76,T3000099@city-chiyoda.ed.jp,,3F 77,,
4360205692,未発送,クレジットカード,1/11/2024 15:46,1/11/2024 15:46,,,,MONO消しゴム,中サイズ,,,2,160,0,物販,,,,,,,,0,,0,160,14,160,14,,,8,5,木内,貴士,1020170,東京都,千代田区平河町無番地,77,,,木内,貴士,1020170,東京都,千代田区平河町無番地,77,T3000100@city-chiyoda.ed.jp,,3F 78,,
4360205693,未発送,クレジットカード,1/11/2024 15:46,1/11/2024 15:46,,,,MONO消しゴム,中サイズ,,,2,160,0,物販,,,,,,,,0,,0,160,14,160,14,,,8,5,木内,貴士,1020171,東京都,千代田区平河町無番地,78,,,木内,貴士,1020171,東京都,千代田区平河町無番地,78,T3000101@city-chiyoda.ed.jp,,3F 79,,
4360205694,未発送,クレジットカード,1/11/2024 15:46,1/11/2024 15:46,,,,MONO消しゴム,中サイズ,,,2,160,0,物販,,,,,,,,0,,0,160,14,160,14,,,8,5,木内,貴士,1020172,東京都,千代田区平河町無番地,79,,,木内,貴士,1020172,東京都,千代田区平河町無番地,79,T3000102@city-chiyoda.ed.jp,,3F 80,,
4360205695,未発送,クレジットカード,1/11/2024 15:46,1/11/2024 15:46,,,,MONO消しゴム,中サイズ,,,2,160,0,物販,,,,,,,,0,,0,160,14,160,14,,,8,5,木内,貴士,1020173,東京都,千代田区平河町無番地,80,,,木内,貴士,1020173,東京都,千代田区平河町無番地,80,T3000103@city-chiyoda.ed.jp,,3F 81,,
4360205696,未発送,クレジットカード,1/11/2024 15:46,1/11/2024 15:46,,,,MONO消しゴム,中サイズ,,,2,160,0,物販,,,,,,,,0,,0,160,14,160,14,,,8,5,木内,貴士,1020174,東京都,千代田区平河町無番地,81,,,木内,貴士,1020174,東京都,千代田区平河町無番地,81,T3000104@city-chiyoda.ed.jp,,3F 82,,
4360205697,未発送,クレジットカード,1/11/2024 15:46,1/11/2024 15:46,,,,MONO消しゴム,中サイズ,,,2,160,0,物販,,,,,,,,0,,0,160,14,160,14,,,8,5,木内,貴士,1020175,東京都,千代田区平河町無番地,82,,,木内,貴士,1020175,東京都,千代田区平河町無番地,82,T3000105@city-chiyoda.ed.jp,,3F 83,,
4360205698,未発送,クレジットカード,1/11/2024 15:46,1/11/2024 15:46,,,,MONO消しゴム,中サイズ,,,2,160,0,物販,,,,,,,,0,,0,160,14,160,14,,,8,5,木内,貴士,1020176,東京都,千代田区平河町無番地,83,,,木内,貴士,1020176,東京都,千代田区平河町無番地,83,T3000106@city-chiyoda.ed.jp,,3F 84,,
4360205699,未発送,クレジットカード,1/11/2024 15:46,1/11/2024 15:46,,,,MONO消しゴム,中サイズ,,,2,160,0,物販,,,,,,,,0,,0,160,14,160,14,,,8,5,木内,貴士,1020177,東京都,千代田区平河町無番地,84,,,木内,貴士,1020177,東京都,千代田区平河町無番地,84,T3000107@city-chiyoda.ed.jp,,3F 85,,
4360205700,未発送,クレジットカード,1/11/2024 15:46,1/11/2024 15:46,,,,MONO消しゴム,中サイズ,,,2,160,0,物販,,,,,,,,0,,0,160,14,160,14,,,8,5,木内,貴士,1020178,東京都,千代田区平河町無番地,85,,,木内,貴士,1020178,東京都,千代田区平河町無番地,85,T3000108@city-chiyoda.ed.jp,,3F 86,,
4360205701,未発送,クレジットカード,1/11/2024 15:46,1/11/2024 15:46,,,,MONO消しゴム,中サイズ,,,2,160,0,物販,,,,,,,,0,,0,160,14,160,14,,,8,5,木内,貴士,1020179,東京都,千代田区平河町無番地,86,,,木内,貴士,1020179,東京都,千代田区平河町無番地,86,T3000109@city-chiyoda.ed.jp,,3F 87,,
4360205702,未発送,クレジットカード,1/11/2024 15:46,1/11/2024 15:46,,,,MONO消しゴム,中サイズ,,,2,160,0,物販,,,,,,,,0,,0,160,14,160,14,,,8,5,木内,貴士,1020180,東京都,千代田区平河町無番地,87,,,木内,貴士,1020180,東京都,千代田区平河町無番地,87,T3000110@city-chiyoda.ed.jp,,3F 88,,
4360205703,未発送,クレジットカード,1/11/2024 15:46,1/11/2024 15:46,,,,MONO消しゴム,中サイズ,,,2,160,0,物販,,,,,,,,0,,0,160,14,160,14,,,8,5,木内,貴士,1020181,東京都,千代田区平河町無番地,88,,,木内,貴士,1020181,東京都,千代田区平河町無番地,88,T3000111@city-chiyoda.ed.jp,,3F 89,,
4360205704,未発送,クレジットカード,1/11/2024 15:46,1/11/2024 15:46,,,,MONO消しゴム,中サイズ,,,2,160,0,物販,,,,,,,,0,,0,160,14,160,14,,,8,5,木内,貴士,1020182,東京都,千代田区平河町無番地,89,,,木内,貴士,1020182,東京都,千代田区平河町無番地,89,T3000112@city-chiyoda.ed.jp,,3F 90,,
4360205705,未発送,クレジットカード,1/11/2024 15:46,1/11/2024 15:46,,,,MONO消しゴム,中サイズ,,,2,160,0,物販,,,,,,,,0,,0,160,14,160,14,,,8,5,木内,貴士,1020183,東京都,千代田区平河町無番地,90,,,木内,貴士,1020183,東京都,千代田区平河町無番地,90,T3000113@city-chiyoda.ed.jp,,3F 91,,
4360205706,未発送,クレジットカード,1/11/2024 15:46,1/11/2024 15:46,,,,MONO消しゴム,中サイズ,,,2,160,0,物販,,,,,,,,0,,0,160,14,160,14,,,8,5,木内,貴士,1020184,東京都,千代田区平河町無番地,91,,,木内,貴士,1020184,東京都,千代田区平河町無番地,91,T3000114@city-chiyoda.ed.jp,,3F 92,,
4360205707,未発送,クレジットカード,1/11/2024 15:46,1/11/2024 15:46,,,,MONO消しゴム,中サイズ,,,2,160,0,物販,,,,,,,,0,,0,160,14,160,14,,,8,5,木内,貴士,1020185,東京都,千代田区平河町無番地,92,,,木内,貴士,1020185,東京都,千代田区平河町無番地,92,T3000115@city-chiyoda.ed.jp,,3F 93,,
4360205708,未発送,クレジットカード,1/11/2024 15:46,1/11/2024 15:46,,,,MONO消しゴム,中サイズ,,,2,160,0,物販,,,,,,,,0,,0,160,14,160,14,,,8,5,木内,貴士,1020186,東京都,千代田区平河町無番地,93,,,木内,貴士,1020186,東京都,千代田区平河町無番地,93,T3000116@city-chiyoda.ed.jp,,3F 94,,
4360205709,未発送,クレジットカード,1/11/2024 15:46,1/11/2024 15:46,,,,MONO消しゴム,中サイズ,,,2,160,0,物販,,,,,,,,0,,0,160,14,160,14,,,8,5,木内,貴士,1020187,東京都,千代田区平河町無番地,94,,,木内,貴士,1020187,東京都,千代田区平河町無番地,94,T3000117@city-chiyoda.ed.jp,,3F 95,,
4360205710,未発送,クレジットカード,1/11/2024 15:46,1/11/2024 15:46,,,,MONO消しゴム,中サイズ,,,2,160,0,物販,,,,,,,,0,,0,160,14,160,14,,,8,5,木内,貴士,1020188,東京都,千代田区平河町無番地,95,,,木内,貴士,1020188,東京都,千代田区平河町無番地,95,T3000118@city-chiyoda.ed.jp,,3F 96,,
4360205711,未発送,クレジットカード,1/11/2024 15:46,1/11/2024 15:46,,,,MONO消しゴム,中サイズ,,,2,160,0,物販,,,,,,,,0,,0,160,14,160,14,,,8,5,木内,貴士,1020189,東京都,千代田区平河町無番地,96,,,木内,貴士,1020189,東京都,千代田区平河町無番地,96,T3000119@city-chiyoda.ed.jp,,3F 97,,
4360205712,未発送,クレジットカード,1/11/2024 15:46,1/11/2024 15:46,,,,MONO消しゴム,中サイズ,,,2,160,0,物販,,,,,,,,0,,0,160,14,160,14,,,8,5,木内,貴士,1020190,東京都,千代田区平河町無番地,97,,,木内,貴士,1020190,東京都,千代田区平河町無番地,97,T3000120@city-chiyoda.ed.jp,,3F 98,,
4360205713,未発送,クレジットカード,1/11/2024 15:46,1/11/2024 15:46,,,,MONO消しゴム,中サイズ,,,2,160,0,物販,,,,,,,,0,,0,160,14,160,14,,,8,5,木内,貴士,1020191,東京都,千代田区平河町無番地,98,,,木内,貴士,1020191,東京都,千代田区平河町無番地,98,T3000121@city-chiyoda.ed.jp,,3F 99,,
4360205714,未発送,クレジットカード,1/11/2024 15:46,1/11/2024 15:46,,,,MONO消しゴム,中サイズ,,,2,160,0,物販,,,,,,,,0,,0,160,14,160,14,,,8,5,木内,貴士,1020192,東京都,千代田区平河町無番地,99,,,木内,貴士,1020192,東京都,千代田区平河町無番地,99,T3000122@city-chiyoda.ed.jp,,3F 100,,
4360205715,未発送,クレジットカード,1/11/2024 15:46,1/11/2024 15:46,,,,MONO消しゴム,中サイズ,,,2,160,0,物販,,,,,,,,0,,0,160,14,160,14,,,8,5,木内,貴士,1020193,東京都,千代田区平河町無番地,100,,,木内,貴士,1020193,東京都,千代田区平河町無番地,100,T3000123@city-chiyoda.ed.jp,,3F 101,,
4360205716,未発送,クレジットカード,1/11/2024 15:46,1/11/2024 15:46,,,,MONO消しゴム,中サイズ,,,2,160,0,物販,,,,,,,,0,,0,160,14,160,14,,,8,5,木内,貴士,1020194,東京都,千代田区平河町無番地,101,,,木内,貴士,1020194,東京都,千代田区平河町無番地,101,T3000124@city-chiyoda.ed.jp,,3F 102,,
4360205717,未発送,クレジットカード,1/11/2024 15:46,1/11/2024 15:46,,,,MONO消しゴム,中サイズ,,,2,160,0,物販,,,,,,,,0,,0,160,14,160,14,,,8,5,木内,貴士,1020195,東京都,千代田区平河町無番地,102,,,木内,貴士,1020195,東京都,千代田区平河町無番地,102,T3000125@city-chiyoda.ed.jp,,3F 103,,
4360205718,未発送,クレジットカード,1/11/2024 15:46,1/11/2024 15:46,,,,MONO消しゴム,中サイズ,,,2,160,0,物販,,,,,,,,0,,0,160,14,160,14,,,8,5,木内,貴士,1020196,東京都,千代田区平河町無番地,103,,,木内,貴士,1020196,東京都,千代田区平河町無番地,103,T3000126@city-chiyoda.ed.jp,,3F 104,,
4360205719,未発送,クレジットカード,1/11/2024 15:46,1/11/2024 15:46,,,,MONO消しゴム,中サイズ,,,2,160,0,物販,,,,,,,,0,,0,160,14,160,14,,,8,5,木内,貴士,1020197,東京都,千代田区平河町無番地,104,,,木内,貴士,1020197,東京都,千代田区平河町無番地,104,T3000127@city-chiyoda.ed.jp,,3F 105,,
4360205720,未発送,クレジットカード,1/11/2024 15:46,1/11/2024 15:46,,,,MONO消しゴム,中サイズ,,,2,160,0,物販,,,,,,,,0,,0,160,14,160,14,,,8,5,木内,貴士,1020198,東京都,千代田区平河町無番地,105,,,木内,貴士,1020198,東京都,千代田区平河町無番地,105,T3000128@city-chiyoda.ed.jp,,3F 106,,
4360205721,未発送,クレジットカード,1/11/2024 15:46,1/11/2024 15:46,,,,MONO消しゴム,中サイズ,,,2,160,0,物販,,,,,,,,0,,0,160,14,160,14,,,8,5,木内,貴士,1020199,東京都,千代田区平河町無番地,106,,,木内,貴士,1020199,東京都,千代田区平河町無番地,106,T3000129@city-chiyoda.ed.jp,,3F 107,,
4360205722,未発送,クレジットカード,1/11/2024 15:46,1/11/2024 15:46,,,,MONO消しゴム,中サイズ,,,2,160,0,物販,,,,,,,,0,,0,160,14,160,14,,,8,5,木内,貴士,1020200,東京都,千代田区平河町無番地,107,,,木内,貴士,1020200,東京都,千代田区平河町無番地,107,T3000130@city-chiyoda.ed.jp,,3F 108,,
4360205723,未発送,クレジットカード,1/11/2024 15:46,1/11/2024 15:46,,,,MONO消しゴム,中サイズ,,,2,160,0,物販,,,,,,,,0,,0,160,14,160,14,,,8,5,木内,貴士,1020201,東京都,千代田区平河町無番地,108,,,木内,貴士,1020201,東京都,千代田区平河町無番地,108,T3000131@city-chiyoda.ed.jp,,3F 109,,
4360205724,未発送,クレジットカード,1/11/2024 15:46,1/11/2024 15:46,,,,MONO消しゴム,中サイズ,,,2,160,0,物販,,,,,,,,0,,0,160,14,160,14,,,8,5,木内,貴士,1020202,東京都,千代田区平河町無番地,109,,,木内,貴士,1020202,東京都,千代田区平河町無番地,109,T3000132@city-chiyoda.ed.jp,,3F 110,,
4360205725,未発送,クレジットカード,1/11/2024 15:46,1/11/2024 15:46,,,,MONO消しゴム,中サイズ,,,2,160,0,物販,,,,,,,,0,,0,160,14,160,14,,,8,5,木内,貴士,1020203,東京都,千代田区平河町無番地,110,,,木内,貴士,1020203,東京都,千代田区平河町無番地,110,T3000133@city-chiyoda.ed.jp,,3F 111,,
4360205726,未発送,クレジットカード,1/11/2024 15:46,1/11/2024 15:46,,,,MONO消しゴム,中サイズ,,,2,160,0,物販,,,,,,,,0,,0,160,14,160,14,,,8,5,木内,貴士,1020204,東京都,千代田区平河町無番地,111,,,木内,貴士,1020204,東京都,千代田区平河町無番地,111,T3000134@city-chiyoda.ed.jp,,3F 112,,
4360205727,未発送,クレジットカード,1/11/2024 15:46,1/11/2024 15:46,,,,MONO消しゴム,中サイズ,,,2,160,0,物販,,,,,,,,0,,0,160,14,160,14,,,8,5,木内,貴士,1020205,東京都,千代田区平河町無番地,112,,,木内,貴士,1020205,東京都,千代田区平河町無番地,112,T3000135@city-chiyoda.ed.jp,,3F 113,,
4360205728,未発送,クレジットカード,1/11/2024 15:46,1/11/2024 15:46,,,,MONO消しゴム,中サイズ,,,2,160,0,物販,,,,,,,,0,,0,160,14,160,14,,,8,5,木内,貴士,1020206,東京都,千代田区平河町無番地,113,,,木内,貴士,1020206,東京都,千代田区平河町無番地,113,T3000136@city-chiyoda.ed.jp,,3F 114,,
4360205729,未発送,クレジットカード,1/11/2024 15:46,1/11/2024 15:46,,,,MONO消しゴム,中サイズ,,,2,160,0,物販,,,,,,,,0,,0,160,14,160,14,,,8,5,木内,貴士,1020207,東京都,千代田区平河町無番地,114,,,木内,貴士,1020207,東京都,千代田区平河町無番地,114,T3000137@city-chiyoda.ed.jp,,3F 115,,
4360205730,未発送,クレジットカード,1/11/2024 15:46,1/11/2024 15:46,,,,MONO消しゴム,中サイズ,,,2,160,0,物販,,,,,,,,0,,0,160,14,160,14,,,8,5,木内,貴士,1020208,東京都,千代田区平河町無番地,115,,,木内,貴士,1020208,東京都,千代田区平河町無番地,115,T3000138@city-chiyoda.ed.jp,,3F 116,,
4360205731,未発送,クレジットカード,1/11/2024 15:46,1/11/2024 15:46,,,,MONO消しゴム,中サイズ,,,2,160,0,物販,,,,,,,,0,,0,160,14,160,14,,,8,5,木内,貴士,1020209,東京都,千代田区平河町無番地,116,,,木内,貴士,1020209,東京都,千代田区平河町無番地,116,T3000139@city-chiyoda.ed.jp,,3F 117,,
4360205732,未発送,クレジットカード,1/11/2024 15:46,1/11/2024 15:46,,,,MONO消しゴム,中サイズ,,,2,160,0,物販,,,,,,,,0,,0,160,14,160,14,,,8,5,木内,貴士,1020210,東京都,千代田区平河町無番地,117,,,木内,貴士,1020210,東京都,千代田区平河町無番地,117,T3000140@city-chiyoda.ed.jp,,3F 118,,
4360205733,未発送,クレジットカード,1/11/2024 15:46,1/11/2024 15:46,,,,MONO消しゴム,中サイズ,,,2,160,0,物販,,,,,,,,0,,0,160,14,160,14,,,8,5,木内,貴士,1020211,東京都,千代田区平河町無番地,118,,,木内,貴士,1020211,東京都,千代田区平河町無番地,118,T3000141@city-chiyoda.ed.jp,,3F 119,,
4360205734,未発送,クレジットカード,1/11/2024 15:46,1/11/2024 15:46,,,,MONO消しゴム,中サイズ,,,2,160,0,物販,,,,,,,,0,,0,160,14,160,14,,,8,5,木内,貴士,1020212,東京都,千代田区平河町無番地,119,,,木内,貴士,1020212,東京都,千代田区平河町無番地,119,T3000142@city-chiyoda.ed.jp,,3F 120,,
4360205735,未発送,クレジットカード,1/11/2024 15:46,1/11/2024 15:46,,,,MONO消しゴム,中サイズ,,,2,160,0,物販,,,,,,,,0,,0,160,14,160,14,,,8,5,木内,貴士,1020213,東京都,千代田区平河町無番地,120,,,木内,貴士,1020213,東京都,千代田区平河町無番地,120,T3000143@city-chiyoda.ed.jp,,3F 121,,
4360205736,未発送,クレジットカード,1/11/2024 15:46,1/11/2024 15:46,,,,MONO消しゴム,中サイズ,,,2,160,0,物販,,,,,,,,0,,0,160,14,160,14,,,8,5,木内,貴士,1020214,東京都,千代田区平河町無番地,121,,,木内,貴士,1020214,東京都,千代田区平河町無番地,121,T3000144@city-chiyoda.ed.jp,,3F 122,,
4360205737,未発送,クレジットカード,1/11/2024 15:46,1/11/2024 15:46,,,,MONO消しゴム,中サイズ,,,2,160,0,物販,,,,,,,,0,,0,160,14,160,14,,,8,5,木内,貴士,1020215,東京都,千代田区平河町無番地,122,,,木内,貴士,1020215,東京都,千代田区平河町無番地,122,T3000145@city-chiyoda.ed.jp,,3F 123,,
4360205738,未発送,クレジットカード,1/11/2024 15:46,1/11/2024 15:46,,,,MONO消しゴム,中サイズ,,,2,160,0,物販,,,,,,,,0,,0,160,14,160,14,,,8,5,木内,貴士,1020216,東京都,千代田区平河町無番地,123,,,木内,貴士,1020216,東京都,千代田区平河町無番地,123,T3000146@city-chiyoda.ed.jp,,3F 124,,
4360205739,未発送,クレジットカード,1/11/2024 15:46,1/11/2024 15:46,,,,MONO消しゴム,中サイズ,,,2,160,0,物販,,,,,,,,0,,0,160,14,160,14,,,8,5,木内,貴士,1020217,東京都,千代田区平河町無番地,124,,,木内,貴士,1020217,東京都,千代田区平河町無番地,124,T3000147@city-chiyoda.ed.jp,,3F 125,,
4360205740,未発送,クレジットカード,1/11/2024 15:46,1/11/2024 15:46,,,,MONO消しゴム,中サイズ,,,2,160,0,物販,,,,,,,,0,,0,160,14,160,14,,,8,5,木内,貴士,1020218,東京都,千代田区平河町無番地,125,,,木内,貴士,1020218,東京都,千代田区平河町無番地,125,T3000148@city-chiyoda.ed.jp,,3F 126,,
4360205741,未発送,クレジットカード,1/11/2024 15:46,1/11/2024 15:46,,,,MONO消しゴム,中サイズ,,,2,160,0,物販,,,,,,,,0,,0,160,14,160,14,,,8,5,木内,貴士,1020219,東京都,千代田区平河町無番地,126,,,木内,貴士,1020219,東京都,千代田区平河町無番地,126,T3000149@city-chiyoda.ed.jp,,3F 127,,
4360205742,未発送,クレジットカード,1/11/2024 15:46,1/11/2024 15:46,,,,MONO消しゴム,中サイズ,,,2,160,0,物販,,,,,,,,0,,0,160,14,160,14,,,8,5,木内,貴士,1020220,東京都,千代田区平河町無番地,127,,,木内,貴士,1020220,東京都,千代田区平河町無番地,127,T3000150@city-chiyoda.ed.jp,,3F 128,,
4360205743,未発送,クレジットカード,1/11/2024 15:46,1/11/2024 15:46,,,,MONO消しゴム,中サイズ,,,2,160,0,物販,,,,,,,,0,,0,160,14,160,14,,,8,5,木内,貴士,1020221,東京都,千代田区平河町無番地,128,,,木内,貴士,1020221,東京都,千代田区平河町無番地,128,T3000151@city-chiyoda.ed.jp,,3F 129,,
4360205744,未発送,クレジットカード,1/11/2024 15:46,1/11/2024 15:46,,,,MONO消しゴム,中サイズ,,,2,160,0,物販,,,,,,,,0,,0,160,14,160,14,,,8,5,木内,貴士,1020222,東京都,千代田区平河町無番地,129,,,木内,貴士,1020222,東京都,千代田区平河町無番地,129,T3000152@city-chiyoda.ed.jp,,3F 130,,
4360205745,未発送,クレジットカード,1/11/2024 15:46,1/11/2024 15:46,,,,MONO消しゴム,中サイズ,,,2,160,0,物販,,,,,,,,0,,0,160,14,160,14,,,8,5,木内,貴士,1020223,東京都,千代田区平河町無番地,130,,,木内,貴士,1020223,東京都,千代田区平河町無番地,130,T3000153@city-chiyoda.ed.jp,,3F 131,,
4360205746,未発送,クレジットカード,1/11/2024 15:46,1/11/2024 15:46,,,,MONO消しゴム,中サイズ,,,2,160,0,物販,,,,,,,,0,,0,160,14,160,14,,,8,5,木内,貴士,1020224,東京都,千代田区平河町無番地,131,,,木内,貴士,1020224,東京都,千代田区平河町無番地,131,T3000154@city-chiyoda.ed.jp,,3F 132,,
4360205747,未発送,クレジットカード,1/11/2024 15:46,1/11/2024 15:46,,,,MONO消しゴム,中サイズ,,,2,160,0,物販,,,,,,,,0,,0,160,14,160,14,,,8,5,木内,貴士,1020225,東京都,千代田区平河町無番地,132,,,木内,貴士,1020225,東京都,千代田区平河町無番地,132,T3000155@city-chiyoda.ed.jp,,3F 133,,
4360205748,未発送,クレジットカード,1/11/2024 15:46,1/11/2024 15:46,,,,MONO消しゴム,中サイズ,,,2,160,0,物販,,,,,,,,0,,0,160,14,160,14,,,8,5,木内,貴士,1020226,東京都,千代田区平河町無番地,133,,,木内,貴士,1020226,東京都,千代田区平河町無番地,133,T3000156@city-chiyoda.ed.jp,,3F 134,,
4360205749,未発送,クレジットカード,1/11/2024 15:46,1/11/2024 15:46,,,,MONO消しゴム,中サイズ,,,2,160,0,物販,,,,,,,,0,,0,160,14,160,14,,,8,5,木内,貴士,1020227,東京都,千代田区平河町無番地,134,,,木内,貴士,1020227,東京都,千代田区平河町無番地,134,T3000157@city-chiyoda.ed.jp,,3F 135,,
4360205750,未発送,クレジットカード,1/11/2024 15:46,1/11/2024 15:46,,,,MONO消しゴム,中サイズ,,,2,160,0,物販,,,,,,,,0,,0,160,14,160,14,,,8,5,木内,貴士,1020228,東京都,千代田区平河町無番地,135,,,木内,貴士,1020228,東京都,千代田区平河町無番地,135,T3000158@city-chiyoda.ed.jp,,3F 136,,
4360205751,未発送,クレジットカード,1/11/2024 15:46,1/11/2024 15:46,,,,MONO消しゴム,中サイズ,,,2,160,0,物販,,,,,,,,0,,0,160,14,160,14,,,8,5,木内,貴士,1020229,東京都,千代田区平河町無番地,136,,,木内,貴士,1020229,東京都,千代田区平河町無番地,136,T3000159@city-chiyoda.ed.jp,,3F 137,,
4360205752,未発送,クレジットカード,1/11/2024 15:46,1/11/2024 15:46,,,,MONO消しゴム,中サイズ,,,2,160,0,物販,,,,,,,,0,,0,160,14,160,14,,,8,5,木内,貴士,1020230,東京都,千代田区平河町無番地,137,,,木内,貴士,1020230,東京都,千代田区平河町無番地,137,T3000160@city-chiyoda.ed.jp,,3F 138,,
4360205753,未発送,クレジットカード,1/11/2024 15:46,1/11/2024 15:46,,,,MONO消しゴム,中サイズ,,,2,160,0,物販,,,,,,,,0,,0,160,14,160,14,,,8,5,木内,貴士,1020231,東京都,千代田区平河町無番地,138,,,木内,貴士,1020231,東京都,千代田区平河町無番地,138,T3000161@city-chiyoda.ed.jp,,3F 139,,
4360205754,未発送,クレジットカード,1/11/2024 15:46,1/11/2024 15:46,,,,MONO消しゴム,中サイズ,,,2,160,0,物販,,,,,,,,0,,0,160,14,160,14,,,8,5,木内,貴士,1020232,東京都,千代田区平河町無番地,139,,,木内,貴士,1020232,東京都,千代田区平河町無番地,139,T3000162@city-chiyoda.ed.jp,,3F 140,,
4360205755,未発送,クレジットカード,1/11/2024 15:46,1/11/2024 15:46,,,,MONO消しゴム,中サイズ,,,2,160,0,物販,,,,,,,,0,,0,160,14,160,14,,,8,5,木内,貴士,1020233,東京都,千代田区平河町無番地,140,,,木内,貴士,1020233,東京都,千代田区平河町無番地,140,T3000163@city-chiyoda.ed.jp,,3F 141,,
4360205756,未発送,クレジットカード,1/11/2024 15:46,1/11/2024 15:46,,,,MONO消しゴム,中サイズ,,,2,160,0,物販,,,,,,,,0,,0,160,14,160,14,,,8,5,木内,貴士,1020234,東京都,千代田区平河町無番地,141,,,木内,貴士,1020234,東京都,千代田区平河町無番地,141,T3000164@city-chiyoda.ed.jp,,3F 142,,
4360205757,未発送,クレジットカード,1/11/2024 15:46,1/11/2024 15:46,,,,MONO消しゴム,中サイズ,,,2,160,0,物販,,,,,,,,0,,0,160,14,160,14,,,8,5,木内,貴士,1020235,東京都,千代田区平河町無番地,142,,,木内,貴士,1020235,東京都,千代田区平河町無番地,142,T3000165@city-chiyoda.ed.jp,,3F 143,,
4360205758,未発送,クレジットカード,1/11/2024 15:46,1/11/2024 15:46,,,,MONO消しゴム,中サイズ,,,2,160,0,物販,,,,,,,,0,,0,160,14,160,14,,,8,5,木内,貴士,1020236,東京都,千代田区平河町無番地,143,,,木内,貴士,1020236,東京都,千代田区平河町無番地,143,T3000166@city-chiyoda.ed.jp,,3F 144,,
4360205759,未発送,クレジットカード,1/11/2024 15:46,1/11/2024 15:46,,,,MONO消しゴム,中サイズ,,,2,160,0,物販,,,,,,,,0,,0,160,14,160,14,,,8,5,木内,貴士,1020237,東京都,千代田区平河町無番地,144,,,木内,貴士,1020237,東京都,千代田区平河町無番地,144,T3000167@city-chiyoda.ed.jp,,3F 145,,
4360205760,未発送,クレジットカード,1/11/2024 15:46,1/11/2024 15:46,,,,MONO消しゴム,中サイズ,,,2,160,0,物販,,,,,,,,0,,0,160,14,160,14,,,8,5,木内,貴士,1020238,東京都,千代田区平河町無番地,145,,,木内,貴士,1020238,東京都,千代田区平河町無番地,145,T3000168@city-chiyoda.ed.jp,,3F 146,,
4360205761,未発送,クレジットカード,1/11/2024 15:46,1/11/2024 15:46,,,,MONO消しゴム,中サイズ,,,2,160,0,物販,,,,,,,,0,,0,160,14,160,14,,,8,5,木内,貴士,1020239,東京都,千代田区平河町無番地,146,,,木内,貴士,1020239,東京都,千代田区平河町無番地,146,T3000169@city-chiyoda.ed.jp,,3F 147,,
4360205762,未発送,クレジットカード,1/11/2024 15:46,1/11/2024 15:46,,,,MONO消しゴム,中サイズ,,,2,160,0,物販,,,,,,,,0,,0,160,14,160,14,,,8,5,木内,貴士,1020240,東京都,千代田区平河町無番地,147,,,木内,貴士,1020240,東京都,千代田区平河町無番地,147,T3000170@city-chiyoda.ed.jp,,3F 148,,
4360205763,未発送,クレジットカード,1/11/2024 15:46,1/11/2024 15:46,,,,MONO消しゴム,中サイズ,,,2,160,0,物販,,,,,,,,0,,0,160,14,160,14,,,8,5,木内,貴士,1020241,東京都,千代田区平河町無番地,148,,,木内,貴士,1020241,東京都,千代田区平河町無番地,148,T3000171@city-chiyoda.ed.jp,,3F 149,,
4360205764,未発送,クレジットカード,1/11/2024 15:46,1/11/2024 15:46,,,,MONO消しゴム,中サイズ,,,2,160,0,物販,,,,,,,,0,,0,160,14,160,14,,,8,5,木内,貴士,1020242,東京都,千代田区平河町無番地,149,,,木内,貴士,1020242,東京都,千代田区平河町無番地,149,T3000172@city-chiyoda.ed.jp,,3F 150,,
4360205765,未発送,クレジットカード,1/11/2024 15:46,1/11/2024 15:46,,,,MONO消しゴム,中サイズ,,,2,160,0,物販,,,,,,,,0,,0,160,14,160,14,,,8,5,木内,貴士,1020243,東京都,千代田区平河町無番地,150,,,木内,貴士,1020243,東京都,千代田区平河町無番地,150,T3000173@city-chiyoda.ed.jp,,3F 151,,
4360205766,未発送,クレジットカード,1/11/2024 15:46,1/11/2024 15:46,,,,MONO消しゴム,中サイズ,,,2,160,0,物販,,,,,,,,0,,0,160,14,160,14,,,8,5,木内,貴士,1020244,東京都,千代田区平河町無番地,151,,,木内,貴士,1020244,東京都,千代田区平河町無番地,151,T3000174@city-chiyoda.ed.jp,,3F 152,,
4360205767,未発送,クレジットカード,1/11/2024 15:46,1/11/2024 15:46,,,,MONO消しゴム,中サイズ,,,2,160,0,物販,,,,,,,,0,,0,160,14,160,14,,,8,5,木内,貴士,1020245,東京都,千代田区平河町無番地,152,,,木内,貴士,1020245,東京都,千代田区平河町無番地,152,T3000175@city-chiyoda.ed.jp,,3F 153,,
4360205768,未発送,クレジットカード,1/11/2024 15:46,1/11/2024 15:46,,,,MONO消しゴム,中サイズ,,,2,160,0,物販,,,,,,,,0,,0,160,14,160,14,,,8,5,木内,貴士,1020246,東京都,千代田区平河町無番地,153,,,木内,貴士,1020246,東京都,千代田区平河町無番地,153,T3000176@city-chiyoda.ed.jp,,3F 154,,
4360205769,未発送,クレジットカード,1/11/2024 15:46,1/11/2024 15:46,,,,MONO消しゴム,中サイズ,,,2,160,0,物販,,,,,,,,0,,0,160,14,160,14,,,8,5,木内,貴士,1020247,東京都,千代田区平河町無番地,154,,,木内,貴士,1020247,東京都,千代田区平河町無番地,154,T3000177@city-chiyoda.ed.jp,,3F 155,,
4360205770,未発送,クレジットカード,1/11/2024 15:46,1/11/2024 15:46,,,,MONO消しゴム,中サイズ,,,2,160,0,物販,,,,,,,,0,,0,160,14,160,14,,,8,5,木内,貴士,1020248,東京都,千代田区平河町無番地,155,,,木内,貴士,1020248,東京都,千代田区平河町無番地,155,T3000178@city-chiyoda.ed.jp,,3F 156,,
4360205771,未発送,クレジットカード,1/11/2024 15:46,1/11/2024 15:46,,,,MONO消しゴム,中サイズ,,,2,160,0,物販,,,,,,,,0,,0,160,14,160,14,,,8,5,木内,貴士,1020249,東京都,千代田区平河町無番地,156,,,木内,貴士,1020249,東京都,千代田区平河町無番地,156,T3000179@city-chiyoda.ed.jp,,3F 157,,
4360205772,未発送,クレジットカード,1/11/2024 15:46,1/11/2024 15:46,,,,MONO消しゴム,中サイズ,,,2,160,0,物販,,,,,,,,0,,0,160,14,160,14,,,8,5,木内,貴士,1020250,東京都,千代田区平河町無番地,157,,,木内,貴士,1020250,東京都,千代田区平河町無番地,157,T3000180@city-chiyoda.ed.jp,,3F 158,,
4360205773,未発送,クレジットカード,1/11/2024 15:46,1/11/2024 15:46,,,,MONO消しゴム,中サイズ,,,2,160,0,物販,,,,,,,,0,,0,160,14,160,14,,,8,5,木内,貴士,1020251,東京都,千代田区平河町無番地,158,,,木内,貴士,1020251,東京都,千代田区平河町無番地,158,T3000181@city-chiyoda.ed.jp,,3F 159,,
4360205774,未発送,クレジットカード,1/11/2024 15:46,1/11/2024 15:46,,,,MONO消しゴム,中サイズ,,,2,160,0,物販,,,,,,,,0,,0,160,14,160,14,,,8,5,木内,貴士,1020252,東京都,千代田区平河町無番地,159,,,木内,貴士,1020252,東京都,千代田区平河町無番地,159,T3000182@city-chiyoda.ed.jp,,3F 160,,
4360205775,未発送,クレジットカード,1/11/2024 15:46,1/11/2024 15:46,,,,MONO消しゴム,中サイズ,,,2,160,0,物販,,,,,,,,0,,0,160,14,160,14,,,8,5,木内,貴士,1020253,東京都,千代田区平河町無番地,160,,,木内,貴士,1020253,東京都,千代田区平河町無番地,160,T3000183@city-chiyoda.ed.jp,,3F 161,,
4360205776,未発送,クレジットカード,1/11/2024 15:46,1/11/2024 15:46,,,,MONO消しゴム,中サイズ,,,2,160,0,物販,,,,,,,,0,,0,160,14,160,14,,,8,5,木内,貴士,1020254,東京都,千代田区平河町無番地,161,,,木内,貴士,1020254,東京都,千代田区平河町無番地,161,T3000184@city-chiyoda.ed.jp,,3F 162,,
4360205777,未発送,クレジットカード,1/11/2024 15:46,1/11/2024 15:46,,,,MONO消しゴム,中サイズ,,,2,160,0,物販,,,,,,,,0,,0,160,14,160,14,,,8,5,木内,貴士,1020255,東京都,千代田区平河町無番地,162,,,木内,貴士,1020255,東京都,千代田区平河町無番地,162,T3000185@city-chiyoda.ed.jp,,3F 163,,
4360205778,未発送,クレジットカード,1/11/2024 15:46,1/11/2024 15:46,,,,MONO消しゴム,中サイズ,,,2,160,0,物販,,,,,,,,0,,0,160,14,160,14,,,8,5,木内,貴士,1020256,東京都,千代田区平河町無番地,163,,,木内,貴士,1020256,東京都,千代田区平河町無番地,163,T3000186@city-chiyoda.ed.jp,,3F 164,,
4360205779,未発送,クレジットカード,1/11/2024 15:46,1/11/2024 15:46,,,,MONO消しゴム,中サイズ,,,2,160,0,物販,,,,,,,,0,,0,160,14,160,14,,,8,5,木内,貴士,1020257,東京都,千代田区平河町無番地,164,,,木内,貴士,1020257,東京都,千代田区平河町無番地,164,T3000187@city-chiyoda.ed.jp,,3F 165,,
4360205780,未発送,クレジットカード,1/11/2024 15:46,1/11/2024 15:46,,,,MONO消しゴム,中サイズ,,,2,160,0,物販,,,,,,,,0,,0,160,14,160,14,,,8,5,木内,貴士,1020258,東京都,千代田区平河町無番地,165,,,木内,貴士,1020258,東京都,千代田区平河町無番地,165,T3000188@city-chiyoda.ed.jp,,3F 166,,
4360205781,未発送,クレジットカード,1/11/2024 15:46,1/11/2024 15:46,,,,MONO消しゴム,中サイズ,,,2,160,0,物販,,,,,,,,0,,0,160,14,160,14,,,8,5,木内,貴士,1020259,東京都,千代田区平河町無番地,166,,,木内,貴士,1020259,東京都,千代田区平河町無番地,166,T3000189@city-chiyoda.ed.jp,,3F 167,,
4360205782,未発送,クレジットカード,1/11/2024 15:46,1/11/2024 15:46,,,,MONO消しゴム,中サイズ,,,2,160,0,物販,,,,,,,,0,,0,160,14,160,14,,,8,5,木内,貴士,1020260,東京都,千代田区平河町無番地,167,,,木内,貴士,1020260,東京都,千代田区平河町無番地,167,T3000190@city-chiyoda.ed.jp,,3F 168,,
4360205783,未発送,クレジットカード,1/11/2024 15:46,1/11/2024 15:46,,,,MONO消しゴム,中サイズ,,,2,160,0,物販,,,,,,,,0,,0,160,14,160,14,,,8,5,木内,貴士,1020261,東京都,千代田区平河町無番地,168,,,木内,貴士,1020261,東京都,千代田区平河町無番地,168,T3000191@city-chiyoda.ed.jp,,3F 169,,
4360205784,未発送,クレジットカード,1/11/2024 15:46,1/11/2024 15:46,,,,MONO消しゴム,中サイズ,,,2,160,0,物販,,,,,,,,0,,0,160,14,160,14,,,8,5,木内,貴士,1020262,東京都,千代田区平河町無番地,169,,,木内,貴士,1020262,東京都,千代田区平河町無番地,169,T3000192@city-chiyoda.ed.jp,,3F 170,,
4360205785,未発送,クレジットカード,1/11/2024 15:46,1/11/2024 15:46,,,,MONO消しゴム,中サイズ,,,2,160,0,物販,,,,,,,,0,,0,160,14,160,14,,,8,5,木内,貴士,1020263,東京都,千代田区平河町無番地,170,,,木内,貴士,1020263,東京都,千代田区平河町無番地,170,T3000193@city-chiyoda.ed.jp,,3F 171,,
4360205786,未発送,クレジットカード,1/11/2024 15:46,1/11/2024 15:46,,,,MONO消しゴム,中サイズ,,,2,160,0,物販,,,,,,,,0,,0,160,14,160,14,,,8,5,木内,貴士,1020264,東京都,千代田区平河町無番地,171,,,木内,貴士,1020264,東京都,千代田区平河町無番地,171,T3000194@city-chiyoda.ed.jp,,3F 172,,
4360205787,未発送,クレジットカード,1/11/2024 15:46,1/11/2024 15:46,,,,MONO消しゴム,中サイズ,,,2,160,0,物販,,,,,,,,0,,0,160,14,160,14,,,8,5,木内,貴士,1020265,東京都,千代田区平河町無番地,172,,,木内,貴士,1020265,東京都,千代田区平河町無番地,172,T3000195@city-chiyoda.ed.jp,,3F 173,,
4360205788,未発送,クレジットカード,1/11/2024 15:46,1/11/2024 15:46,,,,MONO消しゴム,中サイズ,,,2,160,0,物販,,,,,,,,0,,0,160,14,160,14,,,8,5,木内,貴士,1020266,東京都,千代田区平河町無番地,173,,,木内,貴士,1020266,東京都,千代田区平河町無番地,173,T3000196@city-chiyoda.ed.jp,,3F 174,,
4360205789,未発送,クレジットカード,1/11/2024 15:46,1/11/2024 15:46,,,,MONO消しゴム,中サイズ,,,2,160,0,物販,,,,,,,,0,,0,160,14,160,14,,,8,5,木内,貴士,1020267,東京都,千代田区平河町無番地,174,,,木内,貴士,1020267,東京都,千代田区平河町無番地,174,T3000197@city-chiyoda.ed.jp,,3F 175,,
4360205790,未発送,クレジットカード,1/11/2024 15:46,1/11/2024 15:46,,,,MONO消しゴム,中サイズ,,,2,160,0,物販,,,,,,,,0,,0,160,14,160,14,,,8,5,木内,貴士,1020268,東京都,千代田区平河町無番地,175,,,木内,貴士,1020268,東京都,千代田区平河町無番地,175,T3000198@city-chiyoda.ed.jp,,3F 176,,
4360205791,未発送,クレジットカード,1/11/2024 15:46,1/11/2024 15:46,,,,MONO消しゴム,中サイズ,,,2,160,0,物販,,,,,,,,0,,0,160,14,160,14,,,8,5,木内,貴士,1020269,東京都,千代田区平河町無番地,176,,,木内,貴士,1020269,東京都,千代田区平河町無番地,176,T3000199@city-chiyoda.ed.jp,,3F 177,,
4360205792,未発送,クレジットカード,1/11/2024 15:46,1/11/2024 15:46,,,,MONO消しゴム,中サイズ,,,2,160,0,物販,,,,,,,,0,,0,160,14,160,14,,,8,5,木内,貴士,1020270,東京都,千代田区平河町無番地,177,,,木内,貴士,1020270,東京都,千代田区平河町無番地,177,T3000200@city-chiyoda.ed.jp,,3F 178,,
4360205793,未発送,クレジットカード,1/11/2024 15:46,1/11/2024 15:46,,,,MONO消しゴム,中サイズ,,,2,160,0,物販,,,,,,,,0,,0,160,14,160,14,,,8,5,木内,貴士,1020271,東京都,千代田区平河町無番地,178,,,木内,貴士,1020271,東京都,千代田区平河町無番地,178,T3000201@city-chiyoda.ed.jp,,3F 179,,
4360205794,未発送,クレジットカード,1/11/2024 15:46,1/11/2024 15:46,,,,MONO消しゴム,中サイズ,,,2,160,0,物販,,,,,,,,0,,0,160,14,160,14,,,8,5,木内,貴士,1020272,東京都,千代田区平河町無番地,179,,,木内,貴士,1020272,東京都,千代田区平河町無番地,179,T3000202@city-chiyoda.ed.jp,,3F 180,,
4360205795,未発送,クレジットカード,1/11/2024 15:46,1/11/2024 15:46,,,,MONO消しゴム,中サイズ,,,2,160,0,物販,,,,,,,,0,,0,160,14,160,14,,,8,5,木内,貴士,1020273,東京都,千代田区平河町無番地,180,,,木内,貴士,1020273,東京都,千代田区平河町無番地,180,T3000203@city-chiyoda.ed.jp,,3F 181,,
4360205796,未発送,クレジットカード,1/11/2024 15:46,1/11/2024 15:46,,,,MONO消しゴム,中サイズ,,,2,160,0,物販,,,,,,,,0,,0,160,14,160,14,,,8,5,木内,貴士,1020274,東京都,千代田区平河町無番地,181,,,木内,貴士,1020274,東京都,千代田区平河町無番地,181,T3000204@city-chiyoda.ed.jp,,3F 182,,
4360205797,未発送,クレジットカード,1/11/2024 15:46,1/11/2024 15:46,,,,MONO消しゴム,中サイズ,,,2,160,0,物販,,,,,,,,0,,0,160,14,160,14,,,8,5,木内,貴士,1020275,東京都,千代田区平河町無番地,182,,,木内,貴士,1020275,東京都,千代田区平河町無番地,182,T3000205@city-chiyoda.ed.jp,,3F 183,,
4360205798,未発送,クレジットカード,1/11/2024 15:46,1/11/2024 15:46,,,,MONO消しゴム,中サイズ,,,2,160,0,物販,,,,,,,,0,,0,160,14,160,14,,,8,5,木内,貴士,1020276,東京都,千代田区平河町無番地,183,,,木内,貴士,1020276,東京都,千代田区平河町無番地,183,T3000206@city-chiyoda.ed.jp,,3F 184,,
4360205799,未発送,クレジットカード,1/11/2024 15:46,1/11/2024 15:46,,,,MONO消しゴム,中サイズ,,,2,160,0,物販,,,,,,,,0,,0,160,14,160,14,,,8,5,木内,貴士,1020277,東京都,千代田区平河町無番地,184,,,木内,貴士,1020277,東京都,千代田区平河町無番地,184,T3000207@city-chiyoda.ed.jp,,3F 185,,
4360205800,未発送,クレジットカード,1/11/2024 15:46,1/11/2024 15:46,,,,MONO消しゴム,中サイズ,,,2,160,0,物販,,,,,,,,0,,0,160,14,160,14,,,8,5,木内,貴士,1020278,東京都,千代田区平河町無番地,185,,,木内,貴士,1020278,東京都,千代田区平河町無番地,185,T3000208@city-chiyoda.ed.jp,,3F 186,,
4360205801,未発送,クレジットカード,1/11/2024 15:46,1/11/2024 15:46,,,,MONO消しゴム,中サイズ,,,2,160,0,物販,,,,,,,,0,,0,160,14,160,14,,,8,5,木内,貴士,1020279,東京都,千代田区平河町無番地,186,,,木内,貴士,1020279,東京都,千代田区平河町無番地,186,T3000209@city-chiyoda.ed.jp,,3F 187,,
4360205802,未発送,クレジットカード,1/11/2024 15:46,1/11/2024 15:46,,,,MONO消しゴム,中サイズ,,,2,160,0,物販,,,,,,,,0,,0,160,14,160,14,,,8,5,木内,貴士,1020280,東京都,千代田区平河町無番地,187,,,木内,貴士,1020280,東京都,千代田区平河町無番地,187,T3000210@city-chiyoda.ed.jp,,3F 188,,
4360205803,未発送,クレジットカード,1/11/2024 15:46,1/11/2024 15:46,,,,MONO消しゴム,中サイズ,,,2,160,0,物販,,,,,,,,0,,0,160,14,160,14,,,8,5,木内,貴士,1020281,東京都,千代田区平河町無番地,188,,,木内,貴士,1020281,東京都,千代田区平河町無番地,188,T3000211@city-chiyoda.ed.jp,,3F 189,,
4360205804,未発送,クレジットカード,1/11/2024 15:46,1/11/2024 15:46,,,,MONO消しゴム,中サイズ,,,2,160,0,物販,,,,,,,,0,,0,160,14,160,14,,,8,5,木内,貴士,1020282,東京都,千代田区平河町無番地,189,,,木内,貴士,1020282,東京都,千代田区平河町無番地,189,T3000212@city-chiyoda.ed.jp,,3F 190,,
4360205805,未発送,クレジットカード,1/11/2024 15:46,1/11/2024 15:46,,,,MONO消しゴム,中サイズ,,,2,160,0,物販,,,,,,,,0,,0,160,14,160,14,,,8,5,木内,貴士,1020283,東京都,千代田区平河町無番地,190,,,木内,貴士,1020283,東京都,千代田区平河町無番地,190,T3000213@city-chiyoda.ed.jp,,3F 191,,
4360205806,未発送,クレジットカード,1/11/2024 15:46,1/11/2024 15:46,,,,MONO消しゴム,中サイズ,,,2,160,0,物販,,,,,,,,0,,0,160,14,160,14,,,8,5,木内,貴士,1020284,東京都,千代田区平河町無番地,191,,,木内,貴士,1020284,東京都,千代田区平河町無番地,191,T3000214@city-chiyoda.ed.jp,,3F 192,,
4360205807,未発送,クレジットカード,1/11/2024 15:46,1/11/2024 15:46,,,,MONO消しゴム,中サイズ,,,2,160,0,物販,,,,,,,,0,,0,160,14,160,14,,,8,5,木内,貴士,1020285,東京都,千代田区平河町無番地,192,,,木内,貴士,1020285,東京都,千代田区平河町無番地,192,T3000215@city-chiyoda.ed.jp,,3F 193,,
4360205808,未発送,クレジットカード,1/11/2024 15:46,1/11/2024 15:46,,,,MONO消しゴム,中サイズ,,,2,160,0,物販,,,,,,,,0,,0,160,14,160,14,,,8,5,木内,貴士,1020286,東京都,千代田区平河町無番地,193,,,木内,貴士,1020286,東京都,千代田区平河町無番地,193,T3000216@city-chiyoda.ed.jp,,3F 194,,
4360205809,未発送,クレジットカード,1/11/2024 15:46,1/11/2024 15:46,,,,MONO消しゴム,中サイズ,,,2,160,0,物販,,,,,,,,0,,0,160,14,160,14,,,8,5,木内,貴士,1020287,東京都,千代田区平河町無番地,194,,,木内,貴士,1020287,東京都,千代田区平河町無番地,194,T3000217@city-chiyoda.ed.jp,,3F 195,,
4360205810,未発送,クレジットカード,1/11/2024 15:46,1/11/2024 15:46,,,,MONO消しゴム,中サイズ,,,2,160,0,物販,,,,,,,,0,,0,160,14,160,14,,,8,5,木内,貴士,1020288,東京都,千代田区平河町無番地,195,,,木内,貴士,1020288,東京都,千代田区平河町無番地,195,T3000218@city-chiyoda.ed.jp,,3F 196,,
4360205811,未発送,クレジットカード,1/11/2024 15:46,1/11/2024 15:46,,,,MONO消しゴム,中サイズ,,,2,160,0,物販,,,,,,,,0,,0,160,14,160,14,,,8,5,木内,貴士,1020289,東京都,千代田区平河町無番地,196,,,木内,貴士,1020289,東京都,千代田区平河町無番地,196,T3000219@city-chiyoda.ed.jp,,3F 197,,
4360205812,未発送,クレジットカード,1/11/2024 15:46,1/11/2024 15:46,,,,MONO消しゴム,中サイズ,,,2,160,0,物販,,,,,,,,0,,0,160,14,160,14,,,8,5,木内,貴士,1020290,東京都,千代田区平河町無番地,197,,,木内,貴士,1020290,東京都,千代田区平河町無番地,197,T3000220@city-chiyoda.ed.jp,,3F 198,,
4360205813,未発送,クレジットカード,1/11/2024 15:46,1/11/2024 15:46,,,,MONO消しゴム,中サイズ,,,2,160,0,物販,,,,,,,,0,,0,160,14,160,14,,,8,5,木内,貴士,1020291,東京都,千代田区平河町無番地,198,,,木内,貴士,1020291,東京都,千代田区平河町無番地,198,T3000221@city-chiyoda.ed.jp,,3F 199,,
4360205814,未発送,クレジットカード,1/11/2024 15:46,1/11/2024 15:46,,,,MONO消しゴム,中サイズ,,,2,160,0,物販,,,,,,,,0,,0,160,14,160,14,,,8,5,木内,貴士,1020292,東京都,千代田区平河町無番地,199,,,木内,貴士,1020292,東京都,千代田区平河町無番地,199,T3000222@city-chiyoda.ed.jp,,3F 200,,
4360205815,未発送,クレジットカード,1/11/2024 15:46,1/11/2024 15:46,,,,MONO消しゴム,中サイズ,,,2,160,0,物販,,,,,,,,0,,0,160,14,160,14,,,8,5,木内,貴士,1020293,東京都,千代田区平河町無番地,200,,,木内,貴士,1020293,東京都,千代田区平河町無番地,200,T3000223@city-chiyoda.ed.jp,,3F 201,,
4360205816,未発送,クレジットカード,1/11/2024 15:46,1/11/2024 15:46,,,,MONO消しゴム,中サイズ,,,2,160,0,物販,,,,,,,,0,,0,160,14,160,14,,,8,5,木内,貴士,1020294,東京都,千代田区平河町無番地,201,,,木内,貴士,1020294,東京都,千代田区平河町無番地,201,T3000224@city-chiyoda.ed.jp,,3F 202,,
4360205817,未発送,クレジットカード,1/11/2024 15:46,1/11/2024 15:46,,,,MONO消しゴム,中サイズ,,,2,160,0,物販,,,,,,,,0,,0,160,14,160,14,,,8,5,木内,貴士,1020295,東京都,千代田区平河町無番地,202,,,木内,貴士,1020295,東京都,千代田区平河町無番地,202,T3000225@city-chiyoda.ed.jp,,3F 203,,
4360205818,未発送,クレジットカード,1/11/2024 15:46,1/11/2024 15:46,,,,MONO消しゴム,中サイズ,,,2,160,0,物販,,,,,,,,0,,0,160,14,160,14,,,8,5,木内,貴士,1020296,東京都,千代田区平河町無番地,203,,,木内,貴士,1020296,東京都,千代田区平河町無番地,203,T3000226@city-chiyoda.ed.jp,,3F 204,,
4360205819,未発送,クレジットカード,1/11/2024 15:46,1/11/2024 15:46,,,,MONO消しゴム,中サイズ,,,2,160,0,物販,,,,,,,,0,,0,160,14,160,14,,,8,5,木内,貴士,1020297,東京都,千代田区平河町無番地,204,,,木内,貴士,1020297,東京都,千代田区平河町無番地,204,T3000227@city-chiyoda.ed.jp,,3F 205,,
4360205820,未発送,クレジットカード,1/11/2024 15:46,1/11/2024 15:46,,,,MONO消しゴム,中サイズ,,,2,160,0,物販,,,,,,,,0,,0,160,14,160,14,,,8,5,木内,貴士,1020298,東京都,千代田区平河町無番地,205,,,木内,貴士,1020298,東京都,千代田区平河町無番地,205,T3000228@city-chiyoda.ed.jp,,3F 206,,
4360205821,未発送,クレジットカード,1/11/2024 15:46,1/11/2024 15:46,,,,MONO消しゴム,中サイズ,,,2,160,0,物販,,,,,,,,0,,0,160,14,160,14,,,8,5,木内,貴士,1020299,東京都,千代田区平河町無番地,206,,,木内,貴士,1020299,東京都,千代田区平河町無番地,206,T3000229@city-chiyoda.ed.jp,,3F 207,,
4360205822,未発送,クレジットカード,1/11/2024 15:46,1/11/2024 15:46,,,,MONO消しゴム,中サイズ,,,2,160,0,物販,,,,,,,,0,,0,160,14,160,14,,,8,5,木内,貴士,1020300,東京都,千代田区平河町無番地,207,,,木内,貴士,1020300,東京都,千代田区平河町無番地,207,T3000230@city-chiyoda.ed.jp,,3F 208,,
4360205823,未発送,クレジットカード,1/11/2024 15:46,1/11/2024 15:46,,,,MONO消しゴム,中サイズ,,,2,160,0,物販,,,,,,,,0,,0,160,14,160,14,,,8,5,木内,貴士,1020301,東京都,千代田区平河町無番地,208,,,木内,貴士,1020301,東京都,千代田区平河町無番地,208,T3000231@city-chiyoda.ed.jp,,3F 209,,
4360205824,未発送,クレジットカード,1/11/2024 15:46,1/11/2024 15:46,,,,MONO消しゴム,中サイズ,,,2,160,0,物販,,,,,,,,0,,0,160,14,160,14,,,8,5,木内,貴士,1020302,東京都,千代田区平河町無番地,209,,,木内,貴士,1020302,東京都,千代田区平河町無番地,209,T3000232@city-chiyoda.ed.jp,,3F 210,,
4360205825,未発送,クレジットカード,1/11/2024 15:46,1/11/2024 15:46,,,,MONO消しゴム,中サイズ,,,2,160,0,物販,,,,,,,,0,,0,160,14,160,14,,,8,5,木内,貴士,1020303,東京都,千代田区平河町無番地,210,,,木内,貴士,1020303,東京都,千代田区平河町無番地,210,T3000233@city-chiyoda.ed.jp,,3F 211,,
4360205826,未発送,クレジットカード,1/11/2024 15:46,1/11/2024 15:46,,,,MONO消しゴム,中サイズ,,,2,160,0,物販,,,,,,,,0,,0,160,14,160,14,,,8,5,木内,貴士,1020304,東京都,千代田区平河町無番地,211,,,木内,貴士,1020304,東京都,千代田区平河町無番地,211,T3000234@city-chiyoda.ed.jp,,3F 212,,
4360205827,未発送,クレジットカード,1/11/2024 15:46,1/11/2024 15:46,,,,MONO消しゴム,中サイズ,,,2,160,0,物販,,,,,,,,0,,0,160,14,160,14,,,8,5,木内,貴士,1020305,東京都,千代田区平河町無番地,212,,,木内,貴士,1020305,東京都,千代田区平河町無番地,212,T3000235@city-chiyoda.ed.jp,,3F 213,,
4360205828,未発送,クレジットカード,1/11/2024 15:46,1/11/2024 15:46,,,,MONO消しゴム,中サイズ,,,2,160,0,物販,,,,,,,,0,,0,160,14,160,14,,,8,5,木内,貴士,1020306,東京都,千代田区平河町無番地,213,,,木内,貴士,1020306,東京都,千代田区平河町無番地,213,T3000236@city-chiyoda.ed.jp,,3F 214,,
4360205829,未発送,クレジットカード,1/11/2024 15:46,1/11/2024 15:46,,,,MONO消しゴム,中サイズ,,,2,160,0,物販,,,,,,,,0,,0,160,14,160,14,,,8,5,木内,貴士,1020307,東京都,千代田区平河町無番地,214,,,木内,貴士,1020307,東京都,千代田区平河町無番地,214,T3000237@city-chiyoda.ed.jp,,3F 215,,
4360205830,未発送,クレジットカード,1/11/2024 15:46,1/11/2024 15:46,,,,MONO消しゴム,中サイズ,,,2,160,0,物販,,,,,,,,0,,0,160,14,160,14,,,8,5,木内,貴士,1020308,東京都,千代田区平河町無番地,215,,,木内,貴士,1020308,東京都,千代田区平河町無番地,215,T3000238@city-chiyoda.ed.jp,,3F 216,,
4360205831,未発送,クレジットカード,1/11/2024 15:46,1/11/2024 15:46,,,,MONO消しゴム,中サイズ,,,2,160,0,物販,,,,,,,,0,,0,160,14,160,14,,,8,5,木内,貴士,1020309,東京都,千代田区平河町無番地,216,,,木内,貴士,1020309,東京都,千代田区平河町無番地,216,T3000239@city-chiyoda.ed.jp,,3F 217,,
4360205832,未発送,クレジットカード,1/11/2024 15:46,1/11/2024 15:46,,,,MONO消しゴム,中サイズ,,,2,160,0,物販,,,,,,,,0,,0,160,14,160,14,,,8,5,木内,貴士,1020310,東京都,千代田区平河町無番地,217,,,木内,貴士,1020310,東京都,千代田区平河町無番地,217,T3000240@city-chiyoda.ed.jp,,3F 218,,
4360205833,未発送,クレジットカード,1/11/2024 15:46,1/11/2024 15:46,,,,MONO消しゴム,中サイズ,,,2,160,0,物販,,,,,,,,0,,0,160,14,160,14,,,8,5,木内,貴士,1020311,東京都,千代田区平河町無番地,218,,,木内,貴士,1020311,東京都,千代田区平河町無番地,218,T3000241@city-chiyoda.ed.jp,,3F 219,,
4360205834,未発送,クレジットカード,1/11/2024 15:46,1/11/2024 15:46,,,,MONO消しゴム,中サイズ,,,2,160,0,物販,,,,,,,,0,,0,160,14,160,14,,,8,5,木内,貴士,1020312,東京都,千代田区平河町無番地,219,,,木内,貴士,1020312,東京都,千代田区平河町無番地,219,T3000242@city-chiyoda.ed.jp,,3F 220,,
4360205835,未発送,クレジットカード,1/11/2024 15:46,1/11/2024 15:46,,,,MONO消しゴム,中サイズ,,,2,160,0,物販,,,,,,,,0,,0,160,14,160,14,,,8,5,木内,貴士,1020313,東京都,千代田区平河町無番地,220,,,木内,貴士,1020313,東京都,千代田区平河町無番地,220,T3000243@city-chiyoda.ed.jp,,3F 221,,
4360205836,未発送,クレジットカード,1/11/2024 15:46,1/11/2024 15:46,,,,MONO消しゴム,中サイズ,,,2,160,0,物販,,,,,,,,0,,0,160,14,160,14,,,8,5,木内,貴士,1020314,東京都,千代田区平河町無番地,221,,,木内,貴士,1020314,東京都,千代田区平河町無番地,221,T3000244@city-chiyoda.ed.jp,,3F 222,,
4360205837,未発送,クレジットカード,1/11/2024 15:46,1/11/2024 15:46,,,,MONO消しゴム,中サイズ,,,2,160,0,物販,,,,,,,,0,,0,160,14,160,14,,,8,5,木内,貴士,1020315,東京都,千代田区平河町無番地,222,,,木内,貴士,1020315,東京都,千代田区平河町無番地,222,T3000245@city-chiyoda.ed.jp,,3F 223,,
4360205838,未発送,クレジットカード,1/11/2024 15:46,1/11/2024 15:46,,,,MONO消しゴム,中サイズ,,,2,160,0,物販,,,,,,,,0,,0,160,14,160,14,,,8,5,木内,貴士,1020316,東京都,千代田区平河町無番地,223,,,木内,貴士,1020316,東京都,千代田区平河町無番地,223,T3000246@city-chiyoda.ed.jp,,3F 224,,
4360205839,未発送,クレジットカード,1/11/2024 15:46,1/11/2024 15:46,,,,MONO消しゴム,中サイズ,,,2,160,0,物販,,,,,,,,0,,0,160,14,160,14,,,8,5,木内,貴士,1020317,東京都,千代田区平河町無番地,224,,,木内,貴士,1020317,東京都,千代田区平河町無番地,224,T3000247@city-chiyoda.ed.jp,,3F 225,,
4360205840,未発送,クレジットカード,1/11/2024 15:46,1/11/2024 15:46,,,,MONO消しゴム,中サイズ,,,2,160,0,物販,,,,,,,,0,,0,160,14,160,14,,,8,5,木内,貴士,1020318,東京都,千代田区平河町無番地,225,,,木内,貴士,1020318,東京都,千代田区平河町無番地,225,T3000248@city-chiyoda.ed.jp,,3F 226,,
4360205841,未発送,クレジットカード,1/11/2024 15:46,1/11/2024 15:46,,,,MONO消しゴム,中サイズ,,,2,160,0,物販,,,,,,,,0,,0,160,14,160,14,,,8,5,木内,貴士,1020319,東京都,千代田区平河町無番地,226,,,木内,貴士,1020319,東京都,千代田区平河町無番地,226,T3000249@city-chiyoda.ed.jp,,3F 227,,
4360205842,未発送,クレジットカード,1/11/2024 15:46,1/11/2024 15:46,,,,MONO消しゴム,中サイズ,,,2,160,0,物販,,,,,,,,0,,0,160,14,160,14,,,8,5,木内,貴士,1020320,東京都,千代田区平河町無番地,227,,,木内,貴士,1020320,東京都,千代田区平河町無番地,227,T3000250@city-chiyoda.ed.jp,,3F 228,,
4360205843,未発送,クレジットカード,1/11/2024 15:46,1/11/2024 15:46,,,,MONO消しゴム,中サイズ,,,2,160,0,物販,,,,,,,,0,,0,160,14,160,14,,,8,5,木内,貴士,1020321,東京都,千代田区平河町無番地,228,,,木内,貴士,1020321,東京都,千代田区平河町無番地,228,T3000251@city-chiyoda.ed.jp,,3F 229,,
4360205844,未発送,クレジットカード,1/11/2024 15:46,1/11/2024 15:46,,,,MONO消しゴム,中サイズ,,,2,160,0,物販,,,,,,,,0,,0,160,14,160,14,,,8,5,木内,貴士,1020322,東京都,千代田区平河町無番地,229,,,木内,貴士,1020322,東京都,千代田区平河町無番地,229,T3000252@city-chiyoda.ed.jp,,3F 230,,
4360205845,未発送,クレジットカード,1/11/2024 15:46,1/11/2024 15:46,,,,MONO消しゴム,中サイズ,,,2,160,0,物販,,,,,,,,0,,0,160,14,160,14,,,8,5,木内,貴士,1020323,東京都,千代田区平河町無番地,230,,,木内,貴士,1020323,東京都,千代田区平河町無番地,230,T3000253@city-chiyoda.ed.jp,,3F 231,,
4360205846,未発送,クレジットカード,1/11/2024 15:46,1/11/2024 15:46,,,,MONO消しゴム,中サイズ,,,2,160,0,物販,,,,,,,,0,,0,160,14,160,14,,,8,5,木内,貴士,1020324,東京都,千代田区平河町無番地,231,,,木内,貴士,1020324,東京都,千代田区平河町無番地,231,T3000254@city-chiyoda.ed.jp,,3F 232,,
4360205847,未発送,クレジットカード,1/11/2024 15:46,1/11/2024 15:46,,,,MONO消しゴム,中サイズ,,,2,160,0,物販,,,,,,,,0,,0,160,14,160,14,,,8,5,木内,貴士,1020325,東京都,千代田区平河町無番地,232,,,木内,貴士,1020325,東京都,千代田区平河町無番地,232,T3000255@city-chiyoda.ed.jp,,3F 233,,
4360205848,未発送,クレジットカード,1/11/2024 15:46,1/11/2024 15:46,,,,MONO消しゴム,中サイズ,,,2,160,0,物販,,,,,,,,0,,0,160,14,160,14,,,8,5,木内,貴士,1020326,東京都,千代田区平河町無番地,233,,,木内,貴士,1020326,東京都,千代田区平河町無番地,233,T3000256@city-chiyoda.ed.jp,,3F 234,,
4360205849,未発送,クレジットカード,1/11/2024 15:46,1/11/2024 15:46,,,,MONO消しゴム,中サイズ,,,2,160,0,物販,,,,,,,,0,,0,160,14,160,14,,,8,5,木内,貴士,1020327,東京都,千代田区平河町無番地,234,,,木内,貴士,1020327,東京都,千代田区平河町無番地,234,T3000257@city-chiyoda.ed.jp,,3F 235,,
4360205850,未発送,クレジットカード,1/11/2024 15:46,1/11/2024 15:46,,,,MONO消しゴム,中サイズ,,,2,160,0,物販,,,,,,,,0,,0,160,14,160,14,,,8,5,木内,貴士,1020328,東京都,千代田区平河町無番地,235,,,木内,貴士,1020328,東京都,千代田区平河町無番地,235,T3000258@city-chiyoda.ed.jp,,3F 236,,
4360205851,未発送,クレジットカード,1/11/2024 15:46,1/11/2024 15:46,,,,MONO消しゴム,中サイズ,,,2,160,0,物販,,,,,,,,0,,0,160,14,160,14,,,8,5,木内,貴士,1020329,東京都,千代田区平河町無番地,236,,,木内,貴士,1020329,東京都,千代田区平河町無番地,236,T3000259@city-chiyoda.ed.jp,,3F 237,,
4360205852,未発送,クレジットカード,1/11/2024 15:46,1/11/2024 15:46,,,,MONO消しゴム,中サイズ,,,2,160,0,物販,,,,,,,,0,,0,160,14,160,14,,,8,5,木内,貴士,1020330,東京都,千代田区平河町無番地,237,,,木内,貴士,1020330,東京都,千代田区平河町無番地,237,T3000260@city-chiyoda.ed.jp,,3F 238,,
4360205853,未発送,クレジットカード,1/11/2024 15:46,1/11/2024 15:46,,,,MONO消しゴム,中サイズ,,,2,160,0,物販,,,,,,,,0,,0,160,14,160,14,,,8,5,木内,貴士,1020331,東京都,千代田区平河町無番地,238,,,木内,貴士,1020331,東京都,千代田区平河町無番地,238,T3000261@city-chiyoda.ed.jp,,3F 239,,
4360205854,未発送,クレジットカード,1/11/2024 15:46,1/11/2024 15:46,,,,MONO消しゴム,中サイズ,,,2,160,0,物販,,,,,,,,0,,0,160,14,160,14,,,8,5,木内,貴士,1020332,東京都,千代田区平河町無番地,239,,,木内,貴士,1020332,東京都,千代田区平河町無番地,239,T3000262@city-chiyoda.ed.jp,,3F 240,,
4360205855,未発送,クレジットカード,1/11/2024 15:46,1/11/2024 15:46,,,,MONO消しゴム,中サイズ,,,2,160,0,物販,,,,,,,,0,,0,160,14,160,14,,,8,5,木内,貴士,1020333,東京都,千代田区平河町無番地,240,,,木内,貴士,1020333,東京都,千代田区平河町無番地,240,T3000263@city-chiyoda.ed.jp,,3F 241,,
4360205856,未発送,クレジットカード,1/11/2024 15:46,1/11/2024 15:46,,,,MONO消しゴム,中サイズ,,,2,160,0,物販,,,,,,,,0,,0,160,14,160,14,,,8,5,木内,貴士,1020334,東京都,千代田区平河町無番地,241,,,木内,貴士,1020334,東京都,千代田区平河町無番地,241,T3000264@city-chiyoda.ed.jp,,3F 242,,
4360205857,未発送,クレジットカード,1/11/2024 15:46,1/11/2024 15:46,,,,MONO消しゴム,中サイズ,,,2,160,0,物販,,,,,,,,0,,0,160,14,160,14,,,8,5,木内,貴士,1020335,東京都,千代田区平河町無番地,242,,,木内,貴士,1020335,東京都,千代田区平河町無番地,242,T3000265@city-chiyoda.ed.jp,,3F 243,,
4360205858,未発送,クレジットカード,1/11/2024 15:46,1/11/2024 15:46,,,,MONO消しゴム,中サイズ,,,2,160,0,物販,,,,,,,,0,,0,160,14,160,14,,,8,5,木内,貴士,1020336,東京都,千代田区平河町無番地,243,,,木内,貴士,1020336,東京都,千代田区平河町無番地,243,T3000266@city-chiyoda.ed.jp,,3F 244,,
4360205859,未発送,クレジットカード,1/11/2024 15:46,1/11/2024 15:46,,,,MONO消しゴム,中サイズ,,,2,160,0,物販,,,,,,,,0,,0,160,14,160,14,,,8,5,木内,貴士,1020337,東京都,千代田区平河町無番地,244,,,木内,貴士,1020337,東京都,千代田区平河町無番地,244,T3000267@city-chiyoda.ed.jp,,3F 245,,
4360205860,未発送,クレジットカード,1/11/2024 15:46,1/11/2024 15:46,,,,MONO消しゴム,中サイズ,,,2,160,0,物販,,,,,,,,0,,0,160,14,160,14,,,8,5,木内,貴士,1020338,東京都,千代田区平河町無番地,245,,,木内,貴士,1020338,東京都,千代田区平河町無番地,245,T3000268@city-chiyoda.ed.jp,,3F 246,,
4360205861,未発送,クレジットカード,1/11/2024 15:46,1/11/2024 15:46,,,,MONO消しゴム,中サイズ,,,2,160,0,物販,,,,,,,,0,,0,160,14,160,14,,,8,5,木内,貴士,1020339,東京都,千代田区平河町無番地,246,,,木内,貴士,1020339,東京都,千代田区平河町無番地,246,T3000269@city-chiyoda.ed.jp,,3F 247,,
4360205862,未発送,クレジットカード,1/11/2024 15:46,1/11/2024 15:46,,,,MONO消しゴム,中サイズ,,,2,160,0,物販,,,,,,,,0,,0,160,14,160,14,,,8,5,木内,貴士,1020340,東京都,千代田区平河町無番地,247,,,木内,貴士,1020340,東京都,千代田区平河町無番地,247,T3000270@city-chiyoda.ed.jp,,3F 248,,
4360205863,未発送,クレジットカード,1/11/2024 15:46,1/11/2024 15:46,,,,MONO消しゴム,中サイズ,,,2,160,0,物販,,,,,,,,0,,0,160,14,160,14,,,8,5,木内,貴士,1020341,東京都,千代田区平河町無番地,248,,,木内,貴士,1020341,東京都,千代田区平河町無番地,248,T3000271@city-chiyoda.ed.jp,,3F 249,,
4360205864,未発送,クレジットカード,1/11/2024 15:46,1/11/2024 15:46,,,,MONO消しゴム,中サイズ,,,2,160,0,物販,,,,,,,,0,,0,160,14,160,14,,,8,5,木内,貴士,1020342,東京都,千代田区平河町無番地,249,,,木内,貴士,1020342,東京都,千代田区平河町無番地,249,T3000272@city-chiyoda.ed.jp,,3F 250,,
